TokenizedText;TF-IDF;TF-IDF sum;Words quantity;TF-IDF mean;Class;True class
['limit', 'exuberant', 'activity', 'crossing', 'limit'];[1.07713877 0.53856938 0.47836338 0.53856938 2.90056981];5.269886472469239;12;1.1066421464817564;0;0
['severn', 'class', 'great', 'pe', 'afternoon'];[0.53856938 0.39877538 0.32273313 0.47836338 0.47836338];2.0793067130479654;6;0.4433609341869818;0;0
['bomba', 'shed', 'kenya', 'security', 'expect'];[0.53856938 0.53856938 0.53856938 0.53856938 0.53856938];2.4309697323700865;20;0.5385693838554461;1;1
['hair', 'hair', '3', '3', 'make'];[0.95672677 2.28831528 0.66058169 1.09092043 0.26622382];2.497862829673565;23;1.0525535986267527;2;2
['tm', 'unveiling', '260', 'rower', 'consumer'];[0.53856938 0.53856938 0.53856938 0.53856938 0.53856938];2.4427908354974117;14;0.5385693838554461;1;0
['company', 'onboard', 'industry', 'park', 'austria'];[0.41815739 0.53856938 0.47836338 0.44314513 0.53856938];2.037962320189071;9;0.4833609341869818;1;1
['wimbledon', 'still', 'nba', 'final', 'tonight'];[0.53856938 0.44314513 0.53856938 0.41815739 0.39877538];2.131310943042206;6;0.4674433338401003;0;0
['leicester', 'rodgers', 'reluctant', 'rush', 'vardy'];[0.53856938 0.53856938 0.53856938 0.47836338 0.53856938];2.458067965493489;7;0.5265281840288868;0;0
['let', 'u', 'dress', 'baggy', 'na'];[0.33029085 0.26252714 0.35795139 0.53856938 0.53856938];2.0279081365048754;5;0.4055816273009751;2;2
['involving', 'dj', '0kovic', 'dj0', 'kovic'];[0.53856938 0.53856938 0.53856938 0.53856938 0.53856938];2.5532581686029925;14;0.5385693838554461;0;0
['ali', 'colin', 'kaepernick', 'proud', 'lovely'];[0.53856938 0.53856938 0.53856938 0.53856938 0.53856938];2.3397910534115196;13;0.5385693838554461;0;0
['time', 'top', 'famous', 'male', 'model'];[0.28281866 0.38293913 0.53856938 0.41815739 0.41815739];2.0406419524787505;5;0.4081283904957501;2;2
['little', 'connexion', 'body'];[0.56428231 0.89761564 0.89761564 0.         0.        ];2.3595135859438967;3;0.7865045286479655;4;0
['waiting', 'bus', 'wanted', 'multiplication', 'square'];[0.47836338 0.53856938 0.41815739 0.53856938 0.53856938];2.346316711602626;6;0.5024457843757684;3;3
['album', 'pride', 'dragon', 'east', 'lit'];[0.41815739 0.53856938 0.53856938 0.53856938 0.53856938];2.195950086145858;7;0.5144869842023275;4;4
['business', 'inclusive', 'build', 'diverse', 'necessary'];[0.53856938 0.53856938 0.53856938 0.53856938 0.53856938];2.287810557600407;16;0.5385693838554461;1;1
['harley', 'learning', 'stuff', 'cat', 'boring'];[0.53856938 0.53856938 0.53856938 0.44314513 0.47836338];2.066446720271796;9;0.5074433338401003;3;3
['know', 'esperanza', 'spalding'];[0.49624231 0.89761564 0.89761564 0.         0.        ];2.2914735917252553;3;0.763824530575085;4;4
['style', 'truly', 'described', 'effortless'];[0.47867392 0.59795423 0.67321173 0.67321173 0.        ];2.423051607765324;4;0.605762901941331;2;2
['ghost', 'arcade', 'largest', 'arcade', '845'];[0.53856938 1.07713877 0.53856938 2.90056981 0.53856938];3.014327370623044;11;1.1186833463083157;3;3
['lawson', 'cuphead', 'maybe', 'better', 'trophy'];[0.53856938 0.53856938 0.44314513 0.39877538 0.53856938];1.97404272948313;11;0.4915257334932188;3;3
['simulate', 'deterioration', 'occurs', 'sufferer', 'dementia'];[0.53856938 0.53856938 0.53856938 0.53856938 0.53856938];2.5173493534271816;19;0.5385693838554461;4;4
['rumor', 'psvr', 'backwards', 'compatible', 'psvr'];[0.53856938 1.07713877 0.44314513 0.47836338 2.90056981];3.48087296600302;7;1.0875572962929698;3;3
['princess', 'ballgown', 'meet', 'cherie', 'early'];[0.53856938 0.53856938 0.53856938 0.53856938 0.38293913];2.0555297757291773;9;0.5074433338401003;2;2
['listening', 'orchestra', 'musician', 'beautifully', 'loved'];[0.53856938 0.53856938 0.47836338 0.53856938 0.53856938];2.0943701803021106;11;0.5265281840288868;4;4
['pei', 'potato', 'affected', 'trade', 'disruption'];[0.53856938 0.53856938 0.53856938 0.53856938 0.53856938];2.3028465550927217;17;0.5385693838554461;1;1
['move', 'silly', 'adjust', 'course', 'move'];[0.83631477 0.53856938 0.53856938 0.53856938 1.74855599];2.769226924336446;10;0.8401157827958919;1;1
['clean', 'loud', '1977', 'gibson', 'tough'];[0.47836338 0.53856938 0.53856938 0.53856938 0.47836338];2.238554957201548;11;0.5144869842023275;4;4
['positive', 'vibe', 'fi', 'global', 'mind'];[0.44314513 0.44314513 0.47836338 0.44314513 0.41815739];1.8721649359140495;10;0.4451912338094088;4;4
['disagree', 'jonathan', 'sumption', 'powerful', 'ignored'];[0.53856938 0.53856938 0.53856938 0.53856938 0.53856938];2.2630602132944797;16;0.5385693838554461;1;1
['oday', 'went', 'skating', 'cold', 'long'];[0.53856938 0.47836338 0.53856938 0.53856938 0.44314513];2.2396314305865106;8;0.5074433338401003;0;0
['discover', 'eden', 'hazard'];[0.73857522 0.89761564 0.89761564 0.         0.        ];2.5338065010373425;3;0.8446021670124475;0;0
['play', 'play', 'play', 'play', 'piano'];[1.35427754 2.29258455 3.8809947  6.56992992 0.47836338];4.027798715706872;17;2.915230018492506;4;4
['clothes', 'wear', 'ugw'];[0.61591629 0.73857522 0.89761564 0.         0.        ];2.2521071543659232;3;0.7507023847886412;2;2
['fps', 'zero', 'effect', 'pretty', 'cool'];[0.53856938 0.53856938 0.41815739 0.41815739 0.36954978];2.1777451346391623;6;0.45660066294863877;3;3
['destiny', 'xur', 'assumed', 'bungie', 'buff'];[0.53856938 0.53856938 0.53856938 0.53856938 0.53856938];2.3395633869255428;9;0.5385693838554461;3;3
['silk', 'mask', 'finest', 'breathable', 'gift'];[0.47836338 0.47836338 0.53856938 0.53856938 0.53856938];2.1294435512352625;10;0.5144869842023275;2;2
['sometimes', 'pretend', 'normal', 'boring', 'differently'];[0.41815739 0.53856938 0.53856938 0.47836338 0.53856938];2.068612657174766;10;0.5024457843757684;2;2
['community', 'art', 'photography', 'magazine', 'zine'];[0.41815739 0.34772088 0.53856938 0.44314513 0.53856938];1.8861685954193117;11;0.45723243363596805;2;2
['incitement', 'ensuing', 'deadly', 'frolic', 'dream'];[0.53856938 0.53856938 0.53856938 0.53856938 0.53856938];2.4983091066813192;8;0.5385693838554461;1;1
['game', 'game', 'incredible', 'unmatched', 'game'];[0.6968208  0.80926538 0.53856938 0.53856938 0.93985492];1.9525111455003732;22;0.7046159741912942;3;3
['stuns', 'vintage', 'valentino', 'gown', 'euphoria'];[0.53856938 0.53856938 0.53856938 0.53856938 0.53856938];2.459401544162137;10;0.5385693838554461;2;2
['cry', 'cry', 'cramping'];[1.79523128 4.83428302 0.89761564 0.         0.        ];5.731898660199656;3;2.5090433132392698;0;0
['globetrotter', 'pumped', 'honor', 'greatest', 'basketball'];[0.53856938 0.53856938 0.53856938 0.53856938 0.53856938];2.1815912008754195;14;0.5385693838554461;0;0
['interest', 'interest', 'uk', 'uk', 'group'];[0.95672677 2.28831528 0.88629027 1.96377609 0.41815739];2.976202220206798;24;1.3026531575045817;0;0
['got', 'covered', 'song', 'grooving', 'tonight'];[0.33856938 0.53856938 0.32273313 0.53856938 0.39877538];2.1372166692005012;5;0.4274433338401003;4;4
['sport', 'integrity', 'sport', 'facing', 'sport'];[0.89323616 0.53856938 1.32978474 0.53856938 1.97968636];2.5263310160954457;21;1.0559692039635467;0;0
['teach', 'someone', 'teach', 'people', 'people'];[1.07713877 0.47836338 2.90056981 0.61868755 0.95693572];3.504568859871062;18;1.2063390480180343;1;1
['de', 'lucha', 'de', 'furiosos', 'peleadores'];[0.95672677 0.53856938 2.28831528 0.53856938 0.53856938];2.8939698591834344;20;0.9721500398889473;3;3
['many', 'ocean', 'many', 'ocean', 'emotional'];[0.73909955 0.95672677 1.36567037 2.28831528 0.53856938];2.6554212401862047;22;1.1776762703532127;0;0
['love', 'love', 'battlefield', 'pat', 'benatar'];[0.59549077 0.88652316 0.53856938 0.53856938 0.53856938];2.5022313082950802;5;0.6195444165887205;4;4
['republican', 'sponsor', 'republican', 'gubernatorial', 'senatorial'];[0.95672677 0.53856938 2.28831528 0.53856938 0.53856938];2.899390462398894;11;0.9721500398889473;1;1
['game', 'rugby'];[0.580684   1.34642346 0.         0.         0.        ];1.9271074607561025;2;0.9635537303780513;0;0
['muse', 'muse', 'hopping', 'muse', 'emotionally'];[ 1.61570815  4.35085472  0.53856938 11.71618572  0.53856938];4.580685572344811;22;3.7519774724661255;2;2
['burned', '482', 'billion', 'ryoshis', 'vision'];[0.53856938 0.53856938 0.47836338 0.53856938 0.53856938];2.4303006011375348;8;0.5265281840288868;4;4
['bomb', 'cyberfunk', 'announced', 'gaming', 'platform'];[0.53856938 0.53856938 0.53856938 0.47836338 0.47836338];2.382487721326136;8;0.5144869842023275;3;3
['resolution', 'goal', 'let', 'know', 'comment'];[0.44314513 0.44314513 0.33856938 0.30335113 0.38293913];1.772488187143689;7;0.38222998310030004;0;0
['oh', 'cool', 'fashion', 'angel', 'life'];[0.47836338 0.36954978 0.28281866 0.44314513 0.33856938];1.9124463410070842;5;0.3824892682014169;2;2
['minecraft', 'minecraft', 'connect', 'render', 'graph'];[0.95672677 2.28831528 0.53856938 0.53856938 0.53856938];2.7678612415049373;21;0.9721500398889473;3;3
['certificate', 'implementation', 'code', 'conduct', 'saturday'];[0.53856938 0.53856938 0.53856938 0.53856938 0.53856938];2.3511197485800626;19;0.5385693838554461;1;1
['away', 'away', 'many', 'excuse', 'many'];[0.83631477 1.74855599 0.73909955 0.53856938 1.36567037];2.3670585429353608;26;1.0456420132601574;1;1
['collectable', 'quest', 'significantly', 'contributed', 'time'];[0.53856938 0.53856938 0.53856938 0.53856938 0.28751488];2.2283883489196366;6;0.4883584836513138;3;3
['web', 'network', 'mustttt', 'followww', 'heat'];[0.53856938 0.53856938 0.53856938 0.53856938 0.53856938];2.3275173588104896;26;0.5385693838554461;2;2
['wearing', 'make', 'wearing', 'personally', 'make'];[0.79755077 0.55672677 1.59021806 0.53856938 0.77486174];2.383128644416232;22;0.8515853439187845;2;2
['regardless', 'bloke', 'given', 'knighthood', 'joke'];[0.53856938 0.53856938 0.53856938 0.53856938 0.53856938];2.355475668735228;8;0.5385693838554461;1;1
['aarp', 'research', 'expansion', 'medicaid', 'mississippi'];[0.53856938 0.53856938 0.53856938 0.53856938 0.53856938];2.275022198896873;9;0.5385693838554461;1;1
['258', 'minecraft', 'parrot', 'basking', 'sunlight'];[0.53856938 0.47836338 0.53856938 0.53856938 0.53856938];2.262361826418336;9;0.5265281840288868;3;3
['johnson', 'blonde', 'highlight', 'denim', 'monica'];[0.53856938 0.53856938 0.53856938 0.53856938 0.53856938];2.280518318922257;12;0.5385693838554461;4;4
['csto', 'summit', 'president', 'pm', 'operative'];[0.53856938 0.53856938 0.41815739 0.41815739 0.53856938];2.2459327380318292;7;0.49040458454920904;1;1
['snippet', 'gameplay', 'footage', 'tonight', 'playtest'];[0.53856938 0.47836338 0.47836338 0.39877538 0.53856938];2.432640920144434;5;0.4865281840288868;3;3
['modi', 'paid', 'attention', 'falling', 'infrastructure'];[0.53856938 0.53856938 0.53856938 0.53856938 0.53856938];2.387447728242983;17;0.5385693838554461;1;1
['raju', 'serious', 'jagan', 'price', 'hike'];[0.53856938 0.53856938 0.53856938 0.53856938 0.53856938];2.5247227955396716;10;0.5385693838554461;1;1
['brunswick', 'coalition', 'disability', 'fundraiser', 'bingo'];[0.53856938 0.53856938 0.53856938 0.53856938 0.53856938];2.260366006248324;12;0.5385693838554461;3;0
['overcoat', 'double', 'breasted', 'welt', 'pocket'];[0.53856938 0.47836338 0.53856938 0.53856938 0.53856938];2.4818295971744213;7;0.5265281840288868;2;2
['entered', 'ballad', 'kenny', 'burrell', 'chamber'];[0.53856938 0.53856938 0.53856938 0.53856938 0.53856938];2.4708960561978826;13;0.5385693838554461;4;4
['education', 'system', 'education', 'system', 'playful'];[1.07713877 0.79755077 2.90056981 1.59021806 0.53856938];2.8570739738077107;19;1.3808093581162726;0;1
['adding', 'fur', 'boot', 'make', 'comfortable'];[0.39877538 0.53856938 0.41815739 0.27836338 0.47836338];2.1122289218788417;5;0.4224457843757683;2;2
['followed', 'youtube', 'catch', 'vids', 'album'];[0.47836338 0.47836338 0.41815739 0.53856938 0.41815739];2.1000102047193825;8;0.46632218489609056;4;4
['walk', 'portal', 'transport', 'time'];[0.55393142 0.59795423 0.59795423 0.3593936  0.        ];2.1092334814894973;4;0.5273083703723743;2;2
['appears', 'discontent', 'amongst', 'establishment', 'bite'];[0.53856938 0.53856938 0.47836338 0.53856938 0.53856938];2.4189381398628655;6;0.5265281840288868;1;1
['rainbow', 'extraction', 'clicked', 'gamepass', 'glitch'];[0.53856938 0.53856938 0.53856938 0.53856938 0.53856938];2.2682956524958153;10;0.5385693838554461;3;3
['skirt', 'die'];[1.34642346 1.34642346 0.         0.         0.        ];2.69284691927723;2;1.346423459638615;2;2
['hello', 'little', 'studio', 'friend'];[0.59795423 0.42321173 0.46193722 0.49846923 0.        ];1.981572409273666;4;0.4953931023184165;4;4
['connor', 'rk', '800', 'detroit', 'human'];[0.53856938 0.53856938 0.53856938 0.53856938 0.47836338];2.538678169841855;7;0.5265281840288868;3;3
['sprint', 'sprint', 'et', 'al', 'jscr'];[0.95672677 2.28831528 0.53856938 0.53856938 0.53856938];2.657374198191428;28;0.9721500398889473;0;0
['congrats', 'congrats', 'englandcricket', 'magical', 'importantly'];[1.07713877 2.90056981 0.53856938 0.53856938 0.53856938];3.5267473165155936;10;1.1186833463083157;0;0
['parrikar', 'party', 'party', 'parrikar', 'rafael'];[1.07713877 0.69544176 1.20909812 2.90056981 0.53856938];3.307476205214471;12;1.2841635690657944;1;1
['make', 'world', 'beautiful'];[0.46393897 0.56428231 0.66462564 0.         0.        ];1.6928469192772297;3;0.5642823064257433;4;4
['coronavirus', 'tighter', 'coronavirus', 'restriction', 'prevented'];[0.95672677 0.53856938 2.28831528 0.53856938 0.53856938];2.5660396011975344;19;0.9721500398889473;1;1
['local', 'church', 'donated', 'drum', 'general'];[0.47836338 0.53856938 0.53856938 0.53856938 0.47836338];2.2769375556923634;11;0.5144869842023275;4;4
['single', 'drop', 'week', '1', '21'];[0.41815739 0.44314513 0.35795139 0.35795139 0.44314513];1.7653093356293206;8;0.404070084865399;4;4
['2017', 'smokepatch', 'amistosos', 'lazio', 'atalanta'];[0.53856938 0.53856938 0.53856938 0.53856938 0.53856938];2.393703064589377;12;0.5385693838554461;3;3
['kickstarter', 'news', 'demonstration', 'arclands', 'early'];[0.53856938 0.41815739 0.53856938 0.53856938 0.39877538];1.909481535360939;11;0.4865281840288868;3;3
['light', 'addiction', 'friend', 'get', 'stuck'];[0.47836338 0.53856938 0.39877538 0.28281866 0.53856938];2.0926847699961053;6;0.4474192398173329;3;3
['vr', 'simulator', 'worst', 'embarrassing', 'seen'];[0.53856938 0.53856938 0.47836338 0.53856938 0.44314513];2.3084948641965832;8;0.5074433338401003;3;3
['oh', 'cool', 'fashion', 'angel', 'life'];[0.47836338 0.36954978 0.28751488 0.44314513 0.33856938];1.917142560176989;5;0.3834285120353978;2;2
['call', 'listen', 'fitness', 'gizfit', '910'];[0.47836338 0.47836338 0.44314513 0.47836338 0.47836338];1.9876997589249363;12;0.47131973436042257;4;4
['house', 'coming', 'way', 'hope', 'ready'];[0.44314513 0.35795139 0.33856938 0.41815739 0.39877538];1.758764957304822;7;0.39131973436042256;2;2
['bracelet', 'pewter', 'thread', 'az', '021'];[0.53856938 0.53856938 0.53856938 0.53856938 0.53856938];2.3946197959732736;10;0.5385693838554461;2;2
['added', 'environment', 'footstep', 'sound', 'effect'];[0.44314513 0.47836338 0.53856938 0.41815739 0.41815739];2.2963926726693162;5;0.4592785345338633;3;3
['testing', 'buggy', 'runestone', 'restoration', 'portal'];[0.53856938 0.53856938 0.53856938 0.53856938 0.47836338];2.327719117877416;10;0.5265281840288868;3;3
['mwizi', 'mwizi', 'shame', 'kenyan', 'dealer'];[1.07713877 2.90056981 0.53856938 0.53856938 0.53856938];3.2154150951636855;12;1.1186833463083157;1;1
['area', '51', '2005', 'surveillance', 'familiar'];[0.53856938 0.53856938 0.53856938 0.53856938 0.53856938];2.19499002590832;11;0.5385693838554461;3;3
['australian', 'vaccinated', 'slap', 'australian', 'profit'];[1.07713877 0.53856938 0.53856938 2.90056981 0.53856938];2.853671072844337;16;1.1186833463083157;0;0
['record', 'something', 'new'];[0.69692898 0.69692898 0.37102111 0.         0.        ];1.7648790595196517;3;0.5882930198398839;4;4
['even', 'yet', 'grown', 'thank', 'youuu'];[0.44314513 0.44314513 0.53856938 0.41815739 0.53856938];2.2227941088493286;8;0.4763172838247545;3;3
['song', 'coming', '11', 'am', 'pst'];[0.32273313 0.35795139 0.47836338 0.53856938 0.53856938];2.0489994483905036;6;0.4472373347073041;4;4
['deep', 'ball', 'shoulder', 'catching', 'axis'];[0.53856938 0.53856938 0.53856938 0.53856938 0.53856938];2.152467621469276;14;0.5385693838554461;3;0
['soo', 'beautiful', 'dress'];[0.89761564 0.66462564 0.59658564 0.         0.        ];2.158826922167909;3;0.7196089740559697;2;2
['left', 'enter', 'mulberry', 'twig', 'silver'];[0.47836338 0.53856938 0.53856938 0.53856938 0.53856938];2.21670657944606;11;0.5265281840288868;2;2
['dan', 'compose', 'hard', 'via', 'email'];[0.53856938 0.53856938 0.53856938 0.53856938 0.53856938];2.2332576068981203;20;0.5385693838554461;3;4
['breaking', 'putting', 'hungry', 'pedophile', 'ghislainemaxwelllist'];[0.53856938 0.53856938 0.53856938 0.53856938 0.53856938];2.364516796406875;10;0.5385693838554461;1;1
['everton', 'chapter', 'goodison', 'supporting', 'toffee'];[0.53856938 0.53856938 0.53856938 0.53856938 0.53856938];2.140198007731605;19;0.5385693838554461;0;0
['cherry', 'music', 'glockenspiel', 'music', 'lesson'];[0.53856938 0.51114943 0.53856938 0.65318435 0.47836338];2.0118855673567144;10;0.5439671853306937;4;4
['brave', 'saying', 'however', 'result', 'worth'];[0.53856938 0.53856938 0.53856938 0.53856938 0.53856938];2.2514409452067428;22;0.5385693838554461;1;1
['amazed', 'guitar', 'message', 'le', 'paul'];[0.53856938 0.53856938 0.53856938 0.47836338 0.53856938];2.25404921413197;12;0.5265281840288868;4;4
['fitted', 'custom', 'ensemble', '1975'];[0.59795423 0.55393142 0.67321173 0.59795423 0.        ];2.423051607765324;4;0.605762901941331;2;2
['dizzy', 'unreleased', 'sega', 'megadrive', 'dizzy'];[1.07713877 0.53856938 0.53856938 0.53856938 2.90056981];3.0459287622321867;12;1.1186833463083157;3;3
['became', 'compatible', 'surprise', 'increase', 'value'];[0.53856938 0.47836338 0.53856938 0.53856938 0.53856938];2.229298544595739;10;0.5265281840288868;3;3
['distant', 'past', 'used', 'fortune', 'teller'];[0.53856938 0.53856938 0.53856938 0.53856938 0.53856938];2.5251107338213887;11;0.5385693838554461;3;3
['sweater', 'uggs', 'warm', 'hollister', 'coat'];[0.53856938 0.53856938 0.53856938 0.53856938 0.53856938];2.3820394147404835;9;0.5385693838554461;2;2
['trend', 'spending', 'assume', 'trend', 'must'];[0.88629027 0.53856938 0.53856938 1.96377609 0.53856938];2.44745220562954;19;0.893154901124199;2;2
['bit', 'dart', 'rockstar', '13', 'dart'];[0.41815739 1.07713877 0.53856938 0.44314513 2.90056981];3.4220593034016513;7;1.0755160964664106;4;4
['catherine', 'red', 'really', 'suit'];[0.67321173 0.67321173 0.41286356 0.52269673 0.        ];2.281983750155683;4;0.5704959375389208;2;2
['2010', 'microsoft', 'game', '755142110444', 'ebay'];[0.53856938 0.53856938 0.24608978 0.53856938 0.53856938];2.2825075331446354;15;0.4800734639394878;3;3
['responding', 'violent', 'insurrection', 'protect', 'information'];[0.53856938 0.53856938 0.53856938 0.53856938 0.47836338];2.1618097385122055;19;0.5265281840288868;1;1
['seemed', 'poker', 'lifestyle', 'spiraling', 'control'];[0.53856938 0.47836338 0.53856938 0.53856938 0.53856938];2.3706651328339;7;0.5265281840288868;3;3
['melody', 'weary', 'world'];[0.89761564 0.89761564 0.5795348  0.         0.        ];2.3747660827974553;3;0.7915886942658183;4;4
['shenhe', 'genshin', 'impact', 'luck', 'pull'];[0.53856938 0.53856938 0.53856938 0.47836338 0.53856938];2.3223520580382377;9;0.5265281840288868;3;3
['aerodactyl', 'charmeleon', 'evolved', 'kicked', 'as'];[0.53856938 0.53856938 0.53856938 0.53856938 0.53856938];2.2017029050186623;16;0.5385693838554461;3;3
['best', 'best', 'best', 'midfielder', 'best'];[1.29093254 2.08313352 3.36148106 0.53856938 5.4243066 ];4.102334200229667;10;2.539684621026901;0;0
['happy', 'femboy', 'friday', 'got', 'shirt'];[0.33029085 0.53856938 0.53856938 0.34772088 0.39877538];1.9928877230683175;6;0.4307851758981033;2;2
['american', 'student', 'feel', 'ashamed', 'identity'];[0.47836338 0.47836338 0.41815739 0.53856938 0.47836338];2.2142400595152067;7;0.47836338472264983;2;1
['hear', 'idea', 'film', 'form', 'fiction'];[0.53856938 0.41815739 0.44314513 0.53856938 0.53856938];2.105095000282476;9;0.49540213401354105;3;3
['africa', 'champion', 'league', 'scorer', 'performer'];[0.44314513 0.44314513 0.47836338 0.53856938 0.53856938];2.367139834370676;6;0.4883584836513138;0;0
['one', 'one', 'one', 'one', 'leading'];[0.99655111 1.24139264 1.54638902 1.92631962 0.47836338];2.6282186785210597;22;1.2378031568466001;1;1
['cuomo', 'resigns', 'reflect', 'accomplishment', 'covid'];[0.53856938 0.47836338 0.53856938 0.53856938 0.39877538];2.325493588834576;6;0.4985693838554461;1;1
['good', 'song'];[0.89487847 0.80683284 0.         0.         0.        ];1.7017113027574458;2;0.8508556513787229;4;4
['ham', 'attacker', 'antonio', 'agrees', 'deal'];[0.53856938 0.53856938 0.53856938 0.53856938 0.53856938];2.4797952487294768;7;0.5385693838554461;0;0
['socialist', 'casteist', 'discarded', 'projected', '1950'];[0.53856938 0.53856938 0.53856938 0.53856938 0.53856938];2.4720915891236435;15;0.5385693838554461;1;1
['preview', 'trailer', 'concert', 'concert', 'hall'];[0.44314513 0.53856938 1.07713877 2.90056981 0.47836338];3.4548426597393975;8;1.0875572962929698;4;4
['easily', 'bring', 'highest', 'shortest', 'possible'];[0.53856938 0.53856938 0.53856938 0.53856938 0.53856938];2.4377396489150587;11;0.5385693838554461;2;2
['illmakelovetoyou', 'boyz', '2men', 'boyz2', 'jejeje'];[0.53856938 0.53856938 0.53856938 0.53856938 0.53856938];2.153820568496334;14;0.5385693838554461;4;4
['failure', 'breathe', 'fine', 'meanwhile', 'choking'];[0.53856938 0.53856938 0.47836338 0.53856938 0.53856938];2.1718481828095277;16;0.5265281840288868;3;3
['woman', 'double', 'layer', 'short'];[0.37918892 0.59795423 0.67321173 0.59795423 0.        ];2.2483091066813192;4;0.5620772766703298;0;2
['race', 'ever', 'hypercar', 'race', 'start'];[0.95672677 0.39877538 0.53856938 2.28831528 0.39877538];2.993600394823916;7;0.9162324395420658;0;0
['summer', 'nz', 'school', 'serving', 'lewks'];[0.53856938 0.53856938 0.47836338 0.53856938 0.53856938];2.445590332418801;9;0.5265281840288868;2;2
['speaks', 'june', 'colleague', 'conversation', 'save'];[0.53856938 0.53856938 0.53856938 0.53856938 0.53856938];2.192688489908038;19;0.5385693838554461;0;0
['desert', 'action', 'developed', 'developed', 'desert'];[1.07713877 0.39877538 1.07713877 2.90056981 2.90056981];3.1949792236257077;25;1.6708385085877444;3;3
['enjoying', 'night', 'drive'];[0.89761564 0.61591629 0.89761564 0.         0.        ];2.4111475726058114;3;0.8037158575352703;0;3
['22', 'sony', 'playstation', 'north', 'america'];[0.44314513 0.53856938 0.47836338 0.53856938 0.47836338];2.1118073743849384;13;0.49540213401354105;3;3
['mosaic', 'jacket', 'dolce', 'gabbana', 'metaverse'];[0.53856938 0.53856938 0.53856938 0.53856938 0.53856938];2.375665254778573;12;0.5385693838554461;2;2
['wardrobe', 'complete', 'without', 'aaa', 'clothes'];[0.41815739 0.47836338 0.53856938 0.53856938 0.39877538];2.2320884504592495;7;0.47448698420232754;2;2
['nh', 'compulsory', 'nh', 'staff', 'covid'];[1.07713877 0.53856938 2.90056981 0.47836338 0.39877538];3.791680929599344;22;1.0786833463083156;1;1
['finished', 'video', 'virus', 'offensive', 'soon'];[0.47836338 0.41815739 0.47836338 0.53856938 0.44314513];2.026378310755326;9;0.47131973436042257;3;3
['wagon', 'step', 'inside', 'roomy', 'tardis'];[0.53856938 0.53856938 0.53856938 0.53856938 0.53856938];2.3127818259559616;21;0.5385693838554461;3;3
['haitian', 'hnp', 'custody', 'orlando', 'w'];[0.53856938 0.53856938 0.53856938 0.53856938 0.53856938];2.617589420361235;8;0.5385693838554461;1;1
['apple', 'apps', 'tv', 'electroneum', 'etn'];[0.53856938 0.53856938 0.53856938 0.53856938 0.53856938];2.2301854446634937;12;0.5385693838554461;3;4
['1975', 'kmart', 'football', 'sleepshirts'];[0.59795423 0.67321173 0.55393142 0.67321173 0.        ];2.4983091066813192;4;0.6245772766703298;2;2
['custom', 'hoodies'];[1.10786283 1.19590846 0.         0.         0.        ];2.3037712940854083;2;1.1518856470427041;2;2
['first', 'music', 'assembly', 'new', 'year'];[0.28751488 0.26252714 0.53856938 0.24608978 0.27412552];1.6088267113876729;5;0.3217653422775345;4;4
['positive', 'thought', 'silent', 'prayer', 'change'];[0.44314513 0.47836338 0.53856938 0.53856938 0.41815739];2.2668081717001485;7;0.4833609341869818;2;2
['salah', 'auba', 'afcon', 'golden', 'boot'];[0.53856938 0.53856938 0.53856938 0.53856938 0.41815739];2.476008586666566;6;0.5144869842023275;0;0
['24', 'page', 'mention', 'missing', 'something'];[0.44314513 0.47836338 0.53856938 0.47836338 0.41815739];1.9380074537216974;12;0.47131973436042257;0;0
['latest', '2022', 'night', 'office', 'wear'];[0.44314513 0.30934378 0.36954978 0.53856938 0.47836338];2.030597367821886;6;0.4277942908124005;2;2
['new', 'music', 'coming', 'soon'];[0.30761223 0.32815892 0.44743923 0.55393142 0.        ];1.637141798946688;4;0.409285449736672;4;4
['listen', 'non', 'smart', 'gizfit', '910'];[0.47836338 0.53856938 0.47836338 0.47836338 0.47836338];2.087378228109493;13;0.4904045845492091;4;4
['already', 'race', 'play', 'available', 'race'];[0.47836338 0.95672677 0.34772088 0.35795139 2.28831528];2.954180376387176;7;0.8858155402051373;3;3
['hexagon', 'fight', 'around', 'corner', 'champ'];[0.53856938 0.41815739 0.39877538 0.53856938 0.53856938];2.335158913330857;6;0.4865281840288868;0;0
['envied', 'console', 'able', 'axe', 'fly'];[0.53856938 0.53856938 0.53856938 0.53856938 0.53856938];2.168823081292288;18;0.5385693838554461;3;3
['katie', 'piper', 'ego', 'phase', 'eight'];[0.53856938 0.53856938 0.53856938 0.53856938 0.53856938];2.4173319214452396;8;0.5385693838554461;2;2
['runner', 'runner', 'explorer', 'runner', 'seafoamserpent'];[1.43509015 3.43247292 0.53856938 8.20984681 0.53856938];3.5170369315452494;25;2.8309097307614124;2;2
['greeting', 'sport', 'industry', 'award'];[0.67321173 0.38667972 0.59795423 0.67321173 0.        ];2.3310574114416753;4;0.5827643528604188;0;0
['life', 'song', 'love', 'music'];[0.46193722 0.41286356 0.39472589 0.33277977 0.        ];1.6023064409030021;4;0.40057661022575053;4;4
['side', 'side', 'bias', 'reporting', 'informed'];[0.95672677 2.28831528 0.53856938 0.53856938 0.53856938];2.964225419623684;12;0.9721500398889473;1;1
['cannot', 'rock', 'full', 'show', 'link'];[0.44314513 0.39877538 0.41815739 0.39877538 0.44314513];2.0389195193004834;7;0.42039968347787304;4;4
['sometimes', 'giant', 'floral', 'old', 'wallpaper'];[0.44314513 0.53856938 0.53856938 0.47836338 0.53856938];2.165093609389478;13;0.5074433338401003;2;2
['unable', 'repair', 'phone', 'youth', 'suicide'];[0.53856938 0.53856938 0.53856938 0.53856938 0.53856938];2.5816824549367094;7;0.5385693838554461;3;3
['bodybuilding'];[2.69284692 0.         0.         0.         0.        ];2.69284691927723;1;2.69284691927723;0;0
['strategic', 'invitation', 'republic', 'parade', 'masterstroke'];[0.53856938 0.53856938 0.47836338 0.53856938 0.53856938];2.2797049991481604;12;0.5265281840288868;1;1
['time', 'time', 'contestant', 'innovate', 'creative'];[0.61868755 0.95693572 0.53856938 0.53856938 0.53856938];2.398849336672624;20;0.6382662853917239;1;1
['discussing', 'plan', 'band', '2022'];[0.67321173 0.59795423 0.67321173 0.39472589 0.        ];2.3391035822845256;4;0.5847758955711314;4;4
['leader', 'want', 'leader', 'want', 'pissed'];[0.95672677 0.76587827 2.28831528 1.4664238  0.53856938];2.6015485894123906;18;1.2031827002166444;1;1
['u', '2', 'day', 'live', '1983'];[0.30335113 0.31578071 0.30934378 0.38293913 0.53856938];1.6929996064119048;7;0.36999682795847005;4;4
['art', 'art', 'art', 'serf', 'adorn'];[1.1488174  2.1996357  4.21163295 0.53856938 0.53856938];3.2474593173311357;22;1.727444964963042;2;2
['fashion', 'groom', 'wedding', 'shoe'];[0.37218173 0.67321173 0.59795423 0.67321173 0.        ];2.3165594246972536;4;0.5791398561743134;0;2
['appreciate', 'local', 'farmer', 'never', 'happens'];[0.53856938 0.47836338 0.53856938 0.47836338 0.47836338];2.226539511771509;8;0.5024457843757684;3;3
['tear', 'fear', 'mad', 'world'];[0.59795423 0.59795423 0.67321173 0.47867392 0.        ];2.3477941088493286;4;0.5869485272123321;4;4
['good', 'morning', 'hope', 'wonderful', 'week'];[0.35795139 0.47836338 0.41815739 0.53856938 0.39877538];2.1918169236132488;5;0.4383633847226498;4;4
['played', 'hit', 'bigger', 'number', 'soon'];[0.47836338 0.47836338 0.47836338 0.41815739 0.44314513];2.0163843570995605;8;0.4592785345338633;0;0
['unfolded', 'begin', 'tracking', 'weekly', 'compete'];[0.53856938 0.53856938 0.53856938 0.53856938 0.53856938];2.0959100999916496;16;0.5385693838554461;0;0
['latest', 'chanel', 'brand', 'amazing', 'saving'];[0.44314513 0.53856938 0.44314513 0.41815739 0.53856938];2.230806642377758;9;0.4763172838247545;2;2
['nation', 'pose', 'asian', 'nation', 'taiwan'];[0.79755077 0.53856938 0.53856938 1.59021806 0.53856938];2.5178875566357837;18;0.8006953956634031;0;0
['favorite', 'sport', 'model', 'elisarose', 'sg'];[0.47836338 0.31578071 0.47836338 0.53856938 0.53856938];2.34964625055027;5;0.4699292501100541;0;2
['follow', 'collection', '2020'];[0.69692898 0.69692898 0.89761564 0.         0.        ];2.2914735917252553;3;0.763824530575085;2;2
['aboard', 'air', 'force', 'joint', 'andrew'];[0.53856938 0.53856938 0.53856938 0.53856938 0.53856938];2.4131943233683906;13;0.5385693838554461;1;1
['kalpop', 'joy', 'passion', 'mood', 'vibe'];[0.53856938 0.53856938 0.53856938 0.53856938 0.47836338];2.520829778897812;7;0.5265281840288868;4;4
['general', 'election', 'united', 'kingdom', 'tomorrow'];[0.47836338 0.44314513 0.53856938 0.53856938 0.44314513];2.2441311372454504;8;0.4883584836513138;1;1
['conscious', 'opportunist', 'taking', 'credit', 'contribute'];[0.53856938 0.53856938 0.53856938 0.53856938 0.53856938];2.469974019878129;20;0.5385693838554461;1;1
['recording', 'lookout', 'missed', 'wherever', 'podcasts'];[0.47836338 0.53856938 0.47836338 0.53856938 0.53856938];2.1588044810098292;13;0.5144869842023275;1;4
['jrpgs', 'button', 'intuitive', 'eating', 'drinking'];[0.53856938 0.47836338 0.53856938 0.53856938 0.53856938];2.3137749234703184;11;0.5265281840288868;3;3
['fashion', 'fashion'];[1.48872694 2.21630789 0.         0.         0.        ];2.2163078918218555;2;1.8525174142215803;2;2
['cyborg', 'mercenary', 'cyborg', 'mercenary', 'fire'];[1.07713877 1.07713877 2.90056981 2.90056981 0.44314513];3.275613330535414;25;1.6797124585723986;3;3
['rebooted', 'rebooted', 'died', 'got', 'rebooted'];[ 1.61570815  4.35085472  0.47836338  0.34772088 11.71618572];39.089676312711894;25;3.701766572261993;3;3
['skill', 'gain', 'user', 'skill', 'target'];[1.07713877 0.53856938 0.53856938 2.90056981 0.53856938];3.3015334007224526;11;1.1186833463083157;3;3
['musical', 'ear', 'syndrome', 'happens'];[0.67321173 0.67321173 0.67321173 0.59795423 0.        ];2.617589420361235;4;0.6543973550903087;4;4
['girlfriend', 'hoping', 'shit', 'productive', 'lol'];[0.53856938 0.53856938 0.53856938 0.53856938 0.47836338];2.131899084207299;15;0.5265281840288868;2;2
['brazilian', 'invokes', 'spirit', 'veteran', 'japanese'];[0.53856938 0.53856938 0.53856938 0.53856938 0.53856938];2.4258911245064216;11;0.5385693838554461;0;3
['faster', 'lock', 'test', 'sprite', 'routine'];[0.53856938 0.53856938 0.53856938 0.53856938 0.53856938];2.546455381816312;13;0.5385693838554461;3;3
['year', 'year', 'year', 'lesson', 'lesson'];[0.86254465 1.23997212 1.78255219 0.95672677 2.28831528];2.445199617814342;23;1.426022200990811;0;0
['problem', 'spike', 'protein', 'problem', 'permeate'];[0.95672677 0.53856938 0.53856938 2.28831528 0.53856938];2.9926561547784445;13;0.9721500398889473;1;1
['update', 'wardrobe', 'get', 'replica', 'bag'];[0.41815739 0.41815739 0.33856938 0.41815739 0.41815739];1.9512414775322175;6;0.40223978524297205;2;2
['new', 'cover', 'group', 'colossus'];[0.31946839 0.55393142 0.52269673 0.67321173 0.        ];2.0693082707726194;4;0.5173270676931548;4;4
['music', 'art', 'nigh', 'tear', 'memory'];[0.26622382 0.38293913 0.53856938 0.47836338 0.47836338];2.1444591037313905;5;0.4288918207462781;4;4
['dnf', 'dynamic', 'stage', 'upcoming', 'dnf'];[1.07713877 0.47836338 0.53856938 0.47836338 2.90056981];3.1043613949825306;10;1.0946009466551971;3;3
['birmingham', 'barclaysfawsl', 'broadcast', 'sky', 'kick'];[0.53856938 0.53856938 0.53856938 0.53856938 0.47836338];2.1875414550723367;13;0.5265281840288868;0;0
['seen', 'video'];[1.19590846 1.04539346 0.         0.         0.        ];2.2413019257812583;2;1.1206509628906292;4;4
['strategy', 'revenue', 'growth', 'morning', 'press'];[0.53856938 0.47836338 0.53856938 0.47836338 0.47836338];2.161611282463205;14;0.5024457843757684;4;4
['lyric', 'girl', 'lyric', 'alone', 'girl'];[1.07713877 1.07713877 2.90056981 0.53856938 2.90056981];3.1344722899847475;21;1.6987973087611852;4;4
['favorite', 'accessory'];[1.19590846 1.04539346 0.         0.         0.        ];2.2413019257812583;2;1.1206509628906292;4;4
['duty', 'glimpse', 'boy', 'resistance', 'hill'];[0.53856938 0.53856938 0.53856938 0.53856938 0.53856938];2.579960670903237;8;0.5385693838554461;0;0
['president', 'elect', 'president', 'elect', 'pres'];[0.95672677 1.07713877 2.28831528 2.90056981 0.53856938];2.996761069412169;23;1.5522640023418168;1;1
['miss', 'year', 'whole', 'year', 'burn'];[0.53856938 0.5849592  0.53856938 0.85544316 0.53856938];2.295181044239574;12;0.6112221024858941;3;3
['took', 'pink', 'calm', 'liar', 'tote'];[0.53856938 0.53856938 0.53856938 0.53856938 0.53856938];2.401427595660042;13;0.5385693838554461;2;2
['resolution', 'improve', 'content', 'push', 'medium'];[0.47836338 0.53856938 0.53856938 0.53856938 0.47836338];2.231354216223191;7;0.5144869842023275;1;2
['middle', 'multibillionaires', 'saw', 'wealth', 'soared'];[0.53856938 0.53856938 0.53856938 0.53856938 0.53856938];2.3247955597684165;16;0.5385693838554461;1;1
['release', 'release', 'applemusic', 'buddy', 'graysparkaudio'];[0.95672677 2.28831528 0.53856938 0.53856938 0.53856938];2.8400107968810535;20;0.9721500398889473;4;4
['party', 'party', 'nfts', 'fundraising', 'presidential'];[0.71590277 1.28129195 0.53856938 0.53856938 0.53856938];2.6046678771107095;14;0.7225805750291497;1;1
['utter', 'disregard', 'fringe', 'mainstreamed', 'aggressively'];[0.53856938 0.53856938 0.53856938 0.53856938 0.53856938];2.480623850990782;11;0.5385693838554461;1;1
['play', 'play', 'bomberman', 'pm', 'est'];[0.71590277 1.28129195 0.53856938 0.47836338 0.53856938];2.204902981827849;21;0.7105393752025905;3;3
['affect', 'police', 'sentencing', 'court', 'bill'];[0.53856938 0.53856938 0.53856938 0.53856938 0.53856938];2.507113669634103;10;0.5385693838554461;1;1
['latest', 'trend', 'amazing', 'palm', 'angel'];[0.44314513 0.44314513 0.44314513 0.53856938 0.44314513];2.1879615008668343;9;0.46222998310030006;2;2
['list', 'debate'];[1.34642346 1.34642346 0.         0.         0.        ];2.69284691927723;2;1.346423459638615;0;0
['cover', 'moody', 'blue', 'white', 'satin'];[0.44314513 0.53856938 0.47836338 0.47836338 0.53856938];2.3706651328339006;7;0.49540213401354105;4;4
['ash', 'cricket', 'beer', 'reminisce', 'cricket'];[0.53856938 1.07713877 0.53856938 0.53856938 2.90056981];3.70749132212314;8;1.1186833463083157;0;0
['king', 'county', 'tulare', 'kern', 'county'];[0.53856938 0.88629027 0.53856938 0.53856938 1.96377609];2.658928190970393;18;0.893154901124199;1;1
['trying', 'figure', 'play', 'dang', 'thing'];[0.44314513 0.47836338 0.35795139 0.53856938 0.38293913];2.200968421725384;5;0.44019368434507683;4;4
['examines', 'resulted', 'setting', 'illegal', 'immigration'];[0.53856938 0.53856938 0.53856938 0.53856938 0.53856938];2.4587723751700628;13;0.5385693838554461;1;1
['1995', 'green', 'billboard', 'modern', 'chart'];[0.53856938 0.53856938 0.47836338 0.53856938 0.47836338];2.1758485038756445;14;0.5144869842023275;4;4
['may', 'pok√©mon', 'may', 'ost', 'sketching'];[0.88629027 0.53856938 1.96377609 0.53856938 0.53856938];2.888291044177243;11;0.893154901124199;3;3
['honored', 'speaking', 'amongst', 'trailblazer', 'feb'];[0.53856938 0.53856938 0.47836338 0.53856938 0.53856938];2.4466600434906196;6;0.5265281840288868;2;2
['music', 'stop', 'name', 'game', 'abba'];[0.26622382 0.39877538 0.44314513 0.27412552 0.53856938];1.9208392413157913;5;0.3841678482631583;4;4
['listened', 'adapted', 'addressed', 'sporting', 'punished'];[0.53856938 0.53856938 0.53856938 0.53856938 0.53856938];2.358766205537872;21;0.5385693838554461;0;0
['furious', 'discover', 'hurling', 'fastest', 'grass'];[0.47836338 0.44314513 0.53856938 0.47836338 0.53856938];2.281629519919915;7;0.49540213401354105;0;0
['dot', 'flame', 'unicorn', 'shark', 'wing'];[0.53856938 0.53856938 0.53856938 0.53856938 0.53856938];2.4512864874781055;12;0.5385693838554461;2;2
['got', 'p', 'p', 'game', 'p'];[0.34772088 1.43509015 3.43247292 0.27836338 8.20984681];3.8317826176937575;23;2.74069883055728;3;3
['five', 'studio', 'styling', 'studio', 'shopping'];[0.47836338 0.79755077 0.53856938 1.59021806 0.53856938];2.6502989838071898;11;0.7886541958368439;2;2
['tag', 'artist', 'think', 'slept', 'comment'];[0.53856938 0.53856938 0.39877538 0.53856938 0.41815739];2.432640920144434;5;0.4865281840288868;4;4
['winter', 'olympics', 'asap', 'much', 'curling'];[0.47836338 0.47836338 0.53856938 0.41815739 0.53856938];2.2846565626441917;7;0.49040458454920904;0;0
['veer', 'savarkar', 'veer', 'savarkar', 'agree'];[1.07713877 1.07713877 2.90056981 2.90056981 0.53856938];3.7127000328142743;15;1.6987973087611852;1;1
['s', 's', 'twentieth', 'century', 'fascist'];[0.88629027 1.96377609 0.53856938 0.53856938 0.53856938];2.69567508439133;25;0.893154901124199;1;1
['opinion', 'piece', 'ted', 'cruz', 'hate'];[0.47836338 0.44314513 0.53856938 0.53856938 0.53856938];2.0820732566845424;12;0.5074433338401003;1;1
['music', 'music', 'edition', 'amazon', 'kindle'];[0.53244763 0.70875121 0.44314513 0.53856938 0.53856938];2.1115697805248423;13;0.5522965478906903;4;4
['one', 'print', 'one', 'bathroom', '8'];[0.56563733 0.47836338 0.79986397 0.53856938 0.47836338];2.0994566603617493;10;0.5721594891604785;3;3
['purse', 'zip', 'purse', 'oem', 'odm'];[1.07713877 0.53856938 2.90056981 0.53856938 0.53856938];3.1764059180932094;16;1.1186833463083157;2;2
['rous', 'oddly', 'slime', 'videogames', 'ftw'];[0.53856938 0.53856938 0.53856938 0.53856938 0.53856938];2.5110727319364847;20;0.5385693838554461;3;3
['yap', 'surprised', 'sleepless', 'night', 'come'];[0.53856938 0.53856938 0.53856938 0.41815739 0.39877538];2.432640920144434;5;0.4865281840288868;3;3
['cristiano', 'evolution', 'version', 'throughout', 'career'];[0.53856938 0.53856938 0.47836338 0.53856938 0.53856938];2.352706865199076;10;0.5265281840288868;0;0
['coin', 'belly', 'waist', 'hip', 'bellydance'];[0.53856938 0.53856938 0.53856938 0.53856938 0.53856938];2.37136226406884;14;0.5385693838554461;4;4
['truth', 'dare', 'game', 'truth', 'dare'];[0.95672677 1.07713877 0.27836338 2.28831528 2.90056981];2.9724070819660184;24;1.5002228025152575;3;3
['tip', 'cosplay', 'le', 'idk', 'jankey'];[0.53856938 0.53856938 0.47836338 0.53856938 0.53856938];2.368686160899673;8;0.5265281840288868;2;3
['money', 'work', 'money', 'politics', 'money'];[ 1.61570815  0.34772088  4.35085472  0.36954978 11.71618572];4.494422288594993;26;3.680003850487982;1;1
['switzerland', '6', '0', 'draw', '85'];[0.53856938 0.53856938 0.53856938 0.53856938 0.53856938];2.507113669634103;10;0.5385693838554461;0;0
['gandhi', 'situation', 'uttar', 'pradesh', 'bound'];[0.53856938 0.53856938 0.53856938 0.53856938 0.53856938];2.509753746837876;13;0.5385693838554461;1;1
['song', 'got', 'feeling', 'like'];[0.42321173 0.4346511  0.67321173 0.42321173 0.        ];1.9542862919173989;4;0.4885715729793497;4;4
['season', 'season', 'fashion', 'ease', 'ease'];[0.83631477 1.74855599 0.30934378 1.07713877 2.90056981];2.96529576762881;24;1.374384623821632;2;2
['regarding', 'scene', 'source', 'scene', 'brighter'];[0.53856938 1.07713877 0.53856938 2.90056981 0.53856938];3.1808222032450058;11;1.1186833463083157;3;3
['kei', 'kamara', 'douala', 'good', 'luck'];[0.53856938 0.53856938 0.53856938 0.35795139 0.47836338];2.4520229227460453;5;0.49040458454920904;0;0
['ups', 'animal', 'interactables', 'capable', 'chaos'];[0.53856938 0.53856938 0.53856938 0.53856938 0.53856938];2.447398894518538;19;0.5385693838554461;3;3
['practice', 'often', 'always', 'making', 'music'];[0.47836338 0.53856938 0.39877538 0.39877538 0.26622382];2.080707351206508;5;0.4161414702413016;4;4
['furniture', 'fashion'];[1.34642346 0.77335944 0.         0.         0.        ];2.119782901438111;2;1.0598914507190556;2;2
['rope', 'physic', 'bone', 'subsequent', 'rig'];[0.53856938 0.53856938 0.53856938 0.53856938 0.53856938];2.375365530784867;9;0.5385693838554461;3;3
['sunday', 'ride'];[1.19590846 1.34642346 0.         0.         0.        ];2.5423319214452396;2;1.2711659607226198;0;0
['bos', 'rangnick', 'concedes', 'sale', 'happen'];[0.53856938 0.53856938 0.53856938 0.53856938 0.53856938];2.557949263521277;8;0.5385693838554461;0;0
['fifth', 'damn', 'guy', 'im', 'em'];[0.53856938 0.53856938 0.53856938 0.47836338 0.53856938];2.3366414363115924;10;0.5265281840288868;3;3
['graham', 'hood', 'graham', 'hood', 'interview'];[1.07713877 1.07713877 2.90056981 2.90056981 0.53856938];3.598299809905288;15;1.6987973087611852;1;1
['everything', 'need', 'africa', 'cup', 'nation'];[0.47836338 0.36954978 0.44314513 0.44314513 0.39877538];2.0596234943682994;6;0.42659576187730275;0;0
['olympics', 'fifty', 'ago', 'page', 'newspaper'];[0.47836338 0.53856938 0.47836338 0.47836338 0.53856938];2.1883011742238088;11;0.5024457843757684;0;0
['belt', 'easy', 'everyday', 'dressing', 'flamboyant'];[0.53856938 0.53856938 0.53856938 0.53856938 0.53856938];2.496632147268571;11;0.5385693838554461;2;2
['yo', 'men', 'look', 'woody', 'harrelson'];[0.53856938 0.44314513 0.38293913 0.53856938 0.53856938];2.137497766034759;8;0.4883584836513138;2;2
['politics', 'student', 'politics', 'student', 'finding'];[0.73909955 0.95672677 1.36567037 2.28831528 0.53856938];2.8511913351112863;24;1.1776762703532127;1;1
['believe', 'artwork', 'shirt', 'show', 'everywhere'];[0.41815739 0.53856938 0.39877538 0.39877538 0.47836338];2.135262635421238;7;0.4465281840288868;2;2
['unending', 'social', 'service', 'specifically', 'community'];[0.53856938 0.47836338 0.44314513 0.53856938 0.47836338];2.3116894186901713;10;0.49540213401354105;1;1
['introduce', 'reinterpreted', 'line', 'graphic', 'focus'];[0.53856938 0.53856938 0.44314513 0.53856938 0.47836338];2.2296739851812606;9;0.5074433338401003;2;2
['thesis', 'titled', 'interwar', 'bucharest', '2023'];[0.53856938 0.53856938 0.53856938 0.53856938 0.53856938];2.3215880968090596;19;0.5385693838554461;2;2
['name', 'duo', 'wrong', 'answer'];[0.55393142 0.67321173 0.59795423 0.59795423 0.        ];2.423051607765324;4;0.605762901941331;4;4
['telangana', 'telangana', 'news', 'leo', 'news'];[1.07713877 2.90056981 0.95672677 0.53856938 2.28831528];3.528022347102169;14;1.5522640023418168;1;1
['like', 'outfit'];[0.8693022  1.04539346 0.         0.         0.        ];1.9146956688935863;2;0.9573478344467932;2;2
['music', 'soul', 'word', 'mind'];[0.33277977 0.67321173 0.67321173 0.59795423 0.        ];2.2771574613568366;4;0.5692893653392092;4;4
['mother', '60', 's', '70', 's'];[0.53856938 0.53856938 0.88629027 0.53856938 1.96377609];2.735245695929576;14;0.893154901124199;1;1
['featuring', 'tammy', 'wynette', 'justified', 'ancient'];[0.53856938 0.53856938 0.53856938 0.53856938 0.53856938];2.32854205259303;15;0.5385693838554461;4;4
['identity', 'board', 'using', 'affirm', 'identity'];[0.95672677 0.53856938 0.53856938 0.53856938 2.28831528];2.8860149233782826;15;0.9721500398889473;0;0
['favourite', 'soundtrack', 'ever'];[0.79727231 0.89761564 0.69692898 0.         0.        ];2.391816923613249;3;0.7972723078710829;0;4
['clowder', 'notification', 'bell', 'cloud', 'clowder'];[1.07713877 0.53856938 0.53856938 0.53856938 2.90056981];2.673194137602479;24;1.1186833463083157;2;2
['posing', 'obstacle', 'economically', 'vibrant', 'region'];[0.53856938 0.53856938 0.53856938 0.53856938 0.53856938];2.4325897429657086;16;0.5385693838554461;1;1
['bruno', 'mar', 'hot', 'locked', 'heaven'];[0.53856938 0.53856938 0.53856938 0.53856938 0.53856938];2.417323169532139;14;0.5385693838554461;4;4
['olympian', 'poland', '5000', '10000', 'tram'];[0.53856938 0.53856938 0.53856938 0.53856938 0.53856938];2.417686549435561;27;0.5385693838554461;0;0
['bigger', 'fight', 'fight', 'country', 'dislike'];[0.47836338 0.88629027 1.96377609 0.44314513 0.53856938];2.6310816102835135;11;0.8620288511088532;1;1
['music', 'roll', 'music', 'magazine', 'january'];[0.5401697  0.47836338 0.72945825 0.47836338 0.47836338];2.0990776843463115;9;0.5409436198145383;4;4
['one', 'character', 'one', 'lara', 'croft'];[0.5849592  0.47836338 0.85544316 0.53856938 0.53856938];2.235969332587875;8;0.5991809026593349;3;3
['camera', 'looking', 'mostly', 'seems', 'winner'];[0.53856938 0.53856938 0.53856938 0.53856938 0.53856938];2.4794930284402086;10;0.5385693838554461;0;0
['reached', 'match', 'wait', 'match', 'thursday'];[0.53856938 0.88629027 0.47836338 1.96377609 0.53856938];2.5513863196633104;14;0.8811137012976398;0;0
['ok', 'time', 'get', 'together', 'holiday'];[0.53856938 0.30934378 0.36954978 0.53856938 0.53856938];2.294601704138731;5;0.45892034082774624;3;3
['cheer', 'making', 'lot', 'new', '2022'];[0.53856938 0.39877538 0.47836338 0.28281866 0.36954978];1.9484678656456813;6;0.4136153182167626;4;4
['freebie', 'honest', 'tax', 'payer', 'freebie'];[1.07713877 0.47836338 0.47836338 0.53856938 2.90056981];4.130354908607213;19;1.0946009466551971;1;1
['working', 'home', 'baby', 'actually', 'write'];[0.47836338 0.44314513 0.44314513 0.44314513 0.53856938];2.166184595096902;7;0.4692736334625273;4;4
['product', 'two', 'hat', 'two', 'hat'];[0.53856938 0.95672677 0.95672677 2.28831528 2.28831528];3.3052177316640305;14;1.4057306959224485;2;2
['preserve', 'tale', 'craft', 'narrate', 'handmade'];[0.53856938 0.53856938 0.53856938 0.53856938 0.53856938];2.4473452509947156;9;0.5385693838554461;2;2
['petticoat', 'petticoat', 'petticoat', 'desired', 'shape'];[ 1.61570815  4.35085472 11.71618572  0.53856938  0.53856938];5.684528426692091;16;3.7519774724661255;2;2
['fastest', '100', 'meter', 'para', 'skater'];[0.47836338 0.47836338 0.53856938 0.53856938 0.53856938];2.4921602555012425;6;0.5144869842023275;0;0
['play', 'play', 'sugarpaws', 'sweet', 'totally'];[0.73909955 1.36567037 0.53856938 0.53856938 0.53856938];2.6129517078021585;12;0.7440956143197115;3;3
['point', 'symbol', 'hundred', 'point', 'symbol'];[0.95672677 1.07713877 0.47836338 2.28831528 2.90056981];3.393417132762301;25;1.5402228025152576;2;2
['fluctuates', 'lot', 'followed', 'mean', 'lot'];[0.53856938 0.95672677 0.47836338 0.53856938 2.28831528];2.9011452570142082;12;0.9601088400623881;3;3
['ensure', 'continue', 'hardship', 'print', 'purple'];[0.53856938 0.53856938 0.53856938 0.47836338 0.53856938];2.1824661908720193;25;0.5265281840288868;2;1
['recording', 'funky', 'stomp', 'today'];[0.59795423 0.67321173 0.67321173 0.4346511  0.        ];2.3790287930014036;4;0.5947571982503509;4;4
['drop', 'anyone', 'zara', 'boot', 'hit'];[0.44314513 0.44314513 0.53856938 0.44314513 0.47836338];2.216400043543406;8;0.4692736334625273;2;2
['asahina', 'sarah', 'claim', 'immense', 'respect'];[0.53856938 0.53856938 0.53856938 0.53856938 0.53856938];2.59284691927723;10;0.5385693838554461;0;0
['biphobia', 'transphobia', 'nobody', 'discrimination', 'especially'];[0.53856938 0.53856938 0.53856938 0.53856938 0.53856938];2.4372166692005015;10;0.5385693838554461;0;0
['mirror', 'williams', 'brother', '2006', 'sealed'];[0.53856938 0.53856938 0.53856938 0.53856938 0.53856938];2.446180682749862;12;0.5385693838554461;4;4
['ad', 'meme', 'meme', 'ad', 'stream'];[0.95672677 1.07713877 2.90056981 2.28831528 0.53856938];4.149944697782265;10;1.5522640023418168;3;3
['renata', 'voracova', 'hotel', 'novak', 'djokovic'];[0.53856938 0.53856938 0.53856938 0.53856938 0.53856938];2.592503587389236;12;0.5385693838554461;0;0
['dedicated', 'follower', 'fashion'];[0.89761564 0.79727231 0.55048474 0.         0.        ];2.2453726923364945;3;0.7484575641121649;2;2
['2', '2', 'work', 'work', 'x'];[0.67713877 1.14629228 0.71590277 1.28129195 0.53856938];2.5086605295293345;24;0.8718390303976624;3;3
['kieran', 'trippier', 'packing', 'premier', 'return'];[0.53856938 0.53856938 0.53856938 0.53856938 0.47836338];2.538678169841855;7;0.5265281840288868;0;0
['powerspace', 'tour', '2007', 'remembering', 'funny'];[0.53856938 0.53856938 0.53856938 0.53856938 0.53856938];2.237424309226414;16;0.5385693838554461;2;2
['available', 'everywhere', 'dm', 'cd', 'version'];[0.41815739 0.47836338 0.44314513 0.47836338 0.47836338];2.2963926726693167;5;0.4592785345338633;4;4
['usa', 'improving', 'young', 'santa', 'clara'];[0.53856938 0.53856938 0.53856938 0.53856938 0.53856938];2.401953705239295;13;0.5385693838554461;1;2
['dewy', 'melon', 'treat', 'commissioned', 'reply'];[0.53856938 0.53856938 0.53856938 0.53856938 0.53856938];2.3516363533025757;17;0.5385693838554461;4;4
['maybe', 'like', 'song', 'happy', 'way'];[0.47836338 0.36954978 0.35795139 0.38293913 0.38293913];1.8158307860265002;8;0.3943485629179473;4;4
['privacy', 'priority', 'eta', 'policy', 'agenda'];[0.53856938 0.53856938 0.53856938 0.53856938 0.53856938];2.533920735003939;11;0.5385693838554461;1;1
['opportunity', 'bag', 'blocsport', '1', 'token'];[0.47836338 0.47836338 0.53856938 0.41815739 0.47836338];2.341645257669252;6;0.47836338472264983;0;0
['determined', 'make', 'happy'];[0.89761564 0.53788856 0.63823189 0.         0.        ];2.073736087133474;3;0.6912453623778246;2;2
['token', 'token', 'minor', 'issue', 'found'];[0.95672677 2.28831528 0.53856938 0.53856938 0.53856938];2.6458428699351337;26;0.9721500398889473;3;3
['received', 'simple', 'keep', 'stay', 'consistent'];[0.53856938 0.53856938 0.53856938 0.47836338 0.47836338];2.3982604732774364;9;0.5144869842023275;2;2
['pennsylvania', 'silently', 'slipping', 'poverty', 'revitalizing'];[0.53856938 0.53856938 0.53856938 0.53856938 0.53856938];2.297509945185892;18;0.5385693838554461;1;1
['sawant', 'rajesh', 'patnekar', 'respectively', 'congress'];[0.53856938 0.53856938 0.53856938 0.53856938 0.53856938];2.5481767729384526;17;0.5385693838554461;1;1
['israel', 'israel', 'anti', 'jewish', 'do'];[1.07713877 2.90056981 0.53856938 0.53856938 0.53856938];5.945014373844805;26;1.1186833463083157;0;1
['rock', 'roll', 'win'];[0.69692898 0.79727231 0.73857522 0.         0.        ];2.2327765053733613;3;0.7442588351244538;4;4
['ronaldo', 'defender', 'ronaldo', 'defender', 'precision'];[1.07713877 0.95672677 2.90056981 2.28831528 0.53856938];3.184990308524803;22;1.5522640023418168;0;0
['electric', 'fisker', 'ocean', 'driving', 'wild'];[0.53856938 0.53856938 0.47836338 0.47836338 0.53856938];2.4628117123252955;6;0.5144869842023275;0;0
['react', 'real', 'encounter', 'huggy', 'wuggy'];[0.53856938 0.53856938 0.53856938 0.53856938 0.53856938];2.3770545096034996;8;0.5385693838554461;3;3
['ambient', 'space', 'relaxing', 'music'];[0.67321173 0.67321173 0.67321173 0.34265691 0.        ];2.3622920955937503;4;0.5905730238984376;4;4
['commentary', 'soccer', 'v', 'men', 'soccer'];[0.53856938 1.07713877 0.53856938 0.44314513 2.90056981];3.9661859139518327;6;1.099598496119529;0;0
['today', 'worked', 'second', 'environment', 'game'];[0.34772088 0.53856938 0.44314513 0.47836338 0.2924796 ];2.1002783830369816;5;0.42005567660739634;3;3
['susil', 'premajayantha', 'vehicle', 'trying', 'fool'];[0.47836338 0.47836338 0.53856938 0.44314513 0.53856938];2.4770106700677053;5;0.49540213401354105;1;1
['sometimes', 'need', 'end', 'piano', 'classroom'];[0.44314513 0.39877538 0.39877538 0.47836338 0.53856938];2.179650044935959;6;0.4515257334932188;4;4
['life', 'pmmodiji', 'life', 'life', 'citizen'];[1.1488174  0.53856938 2.1996357  4.21163295 0.53856938];3.260901154005439;16;1.727444964963042;1;1
['excited'];[2.39181692 0.         0.         0.         0.        ];2.391816923613249;1;2.391816923613249;0;0
['covid', 'case', 'covid', 'case', 'later'];[0.83631477 0.83631477 1.74855599 1.74855599 0.53856938];2.926880644896469;17;1.141662181736338;0;0
['channel', 'channel', 'format', 'difused', 'programme'];[1.07713877 2.90056981 0.53856938 0.53856938 0.53856938];3.015772735665774;18;1.1186833463083157;4;4
['ust', 'vibing', 'nier', 'automaton', 'track'];[0.53856938 0.53856938 0.53856938 0.53856938 0.44314513];2.5338065010373425;6;0.5194845336666596;3;4
['game', 'inspiration', 'could', 'summed', '4'];[0.29774539 0.53856938 0.47836338 0.53856938 0.47836338];2.3316109244804526;5;0.46632218489609056;3;3
['notice', 'spokespeople', 'consistent', 'wind', 'blow'];[0.53856938 0.53856938 0.47836338 0.47836338 0.47836338];2.4391467827546136;9;0.5024457843757684;1;1
['unique', 'shop', 'replica', 'clothing'];[0.59795423 0.59795423 0.59795423 0.55393142 0.        ];2.3477941088493286;4;0.5869485272123321;2;2
['visualization', 'catch', 'food', 'algorithm', 'notch'];[0.47836338 0.47836338 0.53856938 0.47836338 0.53856938];2.394931226235498;9;0.5024457843757684;3;3
['first', 'drop', '2022', 'coming'];[0.4346511  0.55393142 0.49846923 0.44743923 0.        ];1.9344909804054926;4;0.48362274510137315;2;2
['lol', 'unemployed', 'series', 'flute', 'enjoy'];[0.47836338 0.53856938 0.53856938 0.53856938 0.53856938];2.4275137055013345;7;0.5265281840288868;4;4
['seeing', 'send', 'dm', 'across', 'let'];[0.53856938 0.47836338 0.44314513 0.53856938 0.44314513];2.2230331677643362;7;0.4883584836513138;2;2
['making', 'beat'];[0.99693846 1.10786283 0.         0.         0.        ];2.1048012897493895;2;1.0524006448746948;4;4
['shooter', 'unity', '3d', 'unity3', 'd'];[0.53856938 0.53856938 0.53856938 0.53856938 0.53856938];2.4304126697786375;15;0.5385693838554461;3;3
['039', '039', 'pharmacy', '039', 'viability'];[ 1.61570815  4.35085472  0.53856938 11.71618572  0.53856938];5.30333628130148;19;3.7519774724661255;1;1
['present', 'bhakts', 'destroying', 'harmony', 'progress'];[0.53856938 0.53856938 0.53856938 0.53856938 0.53856938];2.460624989803838;10;0.5385693838554461;1;1
['predicting', 'score', 'burkina', 'faso', 'prediction'];[0.53856938 0.53856938 0.53856938 0.53856938 0.53856938];2.3520324346354564;17;0.5385693838554461;3;3
['fifa', 'men', 'player', 'nominee', 'vote'];[0.53856938 0.44314513 0.44314513 0.53856938 0.47836338];2.245660444297577;8;0.4883584836513138;0;0
['laporta', 'becomes', 'member', 'rfef', 'council'];[0.53856938 0.53856938 0.44314513 0.53856938 0.53856938];2.5974226683332975;5;0.5194845336666596;0;0
['fun', 'podcast', 'pop', 'star', 'episode'];[0.47836338 0.47836338 0.53856938 0.47836338 0.47836338];2.1988084180694645;8;0.4904045845492091;4;4
['throw', 'back', '2001', 'gave', 'hitd'];[0.53856938 0.41815739 0.53856938 0.53856938 0.53856938];2.3373396740628807;7;0.5144869842023275;4;4
['bit', 'naughty', 'cryptobiote', 'death', 'stranding'];[0.47836338 0.53856938 0.53856938 0.44314513 0.53856938];2.294587894347505;9;0.5074433338401003;3;2
['momentous', 'challenge', 'overcoming', 'adversity', 'meaningful'];[0.53856938 0.53856938 0.53856938 0.53856938 0.53856938];2.421937944302159;12;0.5385693838554461;0;0
['anyone', 'actually', 'mobile', 'ad', 'point'];[0.44314513 0.44314513 0.53856938 0.47836338 0.47836338];2.212492280027062;7;0.4763172838247546;3;3
['leotard', 'performance', 'leotard', 'performance', 'ahead'];[1.07713877 1.07713877 2.90056981 2.90056981 0.53856938];3.7968582903594377;14;1.6987973087611852;0;0
['wow', 'perfect', 'swimmer', 'surface', 'tension'];[0.53856938 0.53856938 0.53856938 0.53856938 0.53856938];2.606838349087521;7;0.5385693838554461;0;0
['chilly', 'outside', 'cozy', 'comfy', 'hoodies'];[0.53856938 0.53856938 0.53856938 0.53856938 0.47836338];2.32046377515483;11;0.5265281840288868;2;2
['th', 'th', 'th', 'th', 'yesmen'];[ 2.15427754  5.80113962 15.62158097 42.06652618  0.53856938];11.22031709118984;23;13.236418737822254;1;1
['fast', 'furious'];[1.34642346 1.19590846 0.         0.         0.        ];2.5423319214452396;2;1.2711659607226198;2;0
['road', 'exactly', 'rudely', 'interrupted', 'date'];[0.53856938 0.53856938 0.53856938 0.53856938 0.53856938];2.4249395832866196;22;0.5385693838554461;4;4
['formally', 'becoming', 'unsupported', 'trek', 'pole'];[0.53856938 0.53856938 0.53856938 0.53856938 0.53856938];2.475485420382349;30;0.5385693838554461;0;1
['orthodox', 'woman', 'orthodox', 'woman', 'instagram'];[1.07713877 0.71590277 2.90056981 1.28129195 0.53856938];2.8340630010275474;23;1.3026945374820194;2;2
['clothing', 'type', 'donut', 'clothing', 'item'];[0.88629027 0.53856938 0.53856938 1.96377609 0.53856938];2.6239254922320145;19;0.893154901124199;2;2
['navy', 'wool', 'smiling', 'sunglass', 'order'];[0.53856938 0.53856938 0.53856938 0.53856938 0.53856938];2.5025718168852675;12;0.5385693838554461;2;2
['primary', 'care', 'central', 'care', 'commitment'];[0.53856938 1.07713877 0.53856938 2.90056981 0.53856938];3.158210864380038;14;1.1186833463083157;1;1
['2000', 'fighting', 'close', 'beaten', 'tyrant'];[0.53856938 0.53856938 0.53856938 0.53856938 0.53856938];2.54716458369338;12;0.5385693838554461;3;3
['32', '600', '1200', '32', 'tease'];[1.07713877 0.53856938 0.53856938 2.90056981 0.53856938];3.1029002144022293;16;1.1186833463083157;3;3
['design', 'design', 'outfit', 'fashion', 'outfit'];[1.07713877 2.90056981 0.83631477 0.33856938 1.74855599];3.1205746433206505;23;1.3802297452487615;2;2
['hall', 'fame', 'fiawec', 'hall', 'fame'];[0.95672677 1.07713877 0.53856938 2.28831528 2.90056981];3.486482009806803;17;1.5522640023418168;0;0
['2021', 'remember', 'tiger'];[0.69692898 0.89761564 0.89761564 0.         0.        ];2.4921602555012425;3;0.8307200851670808;0;0
['episode', 'film', 'history', 'film', 'episode'];[0.95672677 0.95672677 0.44314513 2.28831528 2.28831528];3.799507628333423;13;1.3866458457336621;3;3
['early', 'work', 'aesthetic'];[0.66462564 0.63823189 0.89761564 0.         0.        ];2.200473167704009;3;0.7334910559013363;0;0
['representative', 'oriented', 'sneak', 'peek', 'store'];[0.53856938 0.53856938 0.53856938 0.53856938 0.53856938];2.352380293237352;18;0.5385693838554461;1;1
['casino', 'chip', 'acrylic', 'display', 'casino'];[1.07713877 0.53856938 0.53856938 0.53856938 2.90056981];3.0783603507183206;15;1.1186833463083157;3;0
['living', 'hell', 'crueltysquad', 'fanart', 'masterpiece'];[0.47836338 0.47836338 0.53856938 0.53856938 0.53856938];2.3570972023723495;7;0.5144869842023275;3;3
['supported', 'u', 'joined', 'u', 'journey'];[0.53856938 0.69544176 0.53856938 1.20909812 0.53856938];2.5651823075782074;16;0.7040496066129249;1;1
['retweet', 'love', 'follow', 'daily', 'post'];[0.53856938 0.38293913 0.47836338 0.53856938 0.47836338];2.3037712940854083;6;0.48336093418698184;4;4
['afghanistan', 'lost', 'kabul', 'evacuation', 'reunited'];[0.53856938 0.47836338 0.53856938 0.53856938 0.53856938];2.5135222756910434;7;0.5265281840288868;1;1
['develop', 'exercise', 'habit', 'achieve', 'physical'];[0.53856938 0.53856938 0.53856938 0.53856938 0.53856938];2.4688262177542595;16;0.5385693838554461;1;0
['denial', 'climate', 'warming', 'visible', 'planet'];[0.53856938 0.53856938 0.53856938 0.53856938 0.53856938];2.4330894196016604;11;0.5385693838554461;1;1
['take', 'take', 'village', 'actually', 'village'];[0.95672677 2.28831528 1.07713877 0.44314513 2.90056981];3.4187896752848252;22;1.5331791521530302;1;1
['u', 'party', 'party', 'dialogue', 'u'];[0.71590277 0.79755077 1.59021806 0.53856938 1.28129195];2.7791101761995396;18;0.9847065868371068;1;1
['action', 'action', 'south', 'korean', 'hound'];[0.88629027 1.96377609 0.53856938 0.53856938 0.53856938];2.7892487504914194;20;0.893154901124199;3;3
['battle', 'gold', 'starting', 'drumming', 'support'];[0.53856938 0.53856938 0.53856938 0.53856938 0.53856938];2.484443559830297;16;0.5385693838554461;0;0
['tried', 'beginning', 'reine', 'musette', 'waltz'];[0.53856938 0.53856938 0.53856938 0.53856938 0.53856938];2.3953645697861314;11;0.5385693838554461;4;4
['send', 'u', 'music', 'video'];[0.59795423 0.44743923 0.35352333 0.52269673 0.        ];1.921613525543051;4;0.4804033813857628;4;4
['missing', 'la', 'little', 'extra', 'today'];[0.47836338 0.53856938 0.44314513 0.53856938 0.35795139];2.356598671802113;5;0.47131973436042257;2;2
['recenty', 'suddenly', 'alteration', 'experience', 'sustainable'];[0.53856938 0.53856938 0.53856938 0.53856938 0.53856938];2.4331695087904506;14;0.5385693838554461;2;2
['state', 'thinking', 'enemy', 'movement', 'ability'];[0.53856938 0.53856938 0.53856938 0.53856938 0.53856938];2.383291503205352;12;0.5385693838554461;3;3
['day', 'km', 'day', 'km', '03'];[0.79755077 1.07713877 1.59021806 2.90056981 0.53856938];3.4853346459212435;13;1.3808093581162726;0;0
['song', 'record', 'next'];[0.59658564 0.79727231 0.66462564 0.         0.        ];2.0584835902799155;3;0.6861611967599718;4;4
['love', 'outfit'];[0.95734783 1.04539346 0.         0.         0.        ];2.002741298421427;2;1.0013706492107135;2;2
['controller', 'controller', 'larger', 'controller', '90'];[ 1.61570815  4.35085472  0.53856938 11.71618572  0.53856938];5.104846185203936;19;3.7519774724661255;3;3
['letting', 'pet', 'gun', 'killing', 'finisher'];[0.53856938 0.53856938 0.53856938 0.53856938 0.53856938];2.4878221460860206;11;0.5385693838554461;3;3
['need', 'comeback', 'need', 'grandma', 'down'];[0.79755077 0.53856938 1.59021806 0.53856938 0.53856938];2.734500237065288;11;0.8006953956634031;2;2
['finally', 'finished', 'fm', '7', 'goo'];[0.53856938 0.47836338 0.53856938 0.44314513 0.53856938];2.302775177876499;8;0.5074433338401003;3;3
['rooftop', 'pizza', 'cooool', 'else', 'wish'];[0.53856938 0.53856938 0.53856938 0.47836338 0.53856938];2.424159263237117;7;0.5265281840288868;4;4
['fancy', 'jester', 'inspired', 'venetian', 'carnival'];[0.53856938 0.53856938 0.53856938 0.53856938 0.53856938];2.6426752533332336;6;0.5385693838554461;2;2
['game', 'discord', 'discord', 'info', 'game'];[0.63156143 1.07713877 2.90056981 0.53856938 0.99717459];3.1269716050997047;18;1.229002796027115;3;3
['training', 'mauritius', 'academy', 'sport'];[0.59795423 0.67321173 0.67321173 0.46193722 0.        ];2.4063149103576706;4;0.6015787275894177;0;0
['trainer', 'season', 'fleeting', 'moment', 'season'];[0.53856938 0.88629027 0.53856938 0.53856938 1.96377609];2.832163583023965;16;0.893154901124199;2;2
['dance', 'yeartwo', 'creating', 'titanic', 'kid'];[0.53856938 0.53856938 0.53856938 0.53856938 0.53856938];2.309641002720598;15;0.5385693838554461;4;4
['married', 'man', 'trying', 'living', 'playing'];[0.53856938 0.53856938 0.44314513 0.47836338 0.47836338];2.2889370231266835;7;0.49540213401354105;3;3
['igbo', 'title', '2019', 'total', '23'];[0.53856938 0.53856938 0.53856938 0.53856938 0.53856938];2.5652863993152635;24;0.5385693838554461;0;0
['removal', 'officer', 'poll', 'alleging', 'bjp'];[0.53856938 0.53856938 0.53856938 0.53856938 0.53856938];2.547205101883779;11;0.5385693838554461;1;1
['singer', 'singer', 'irish', 'tradition', 'keening'];[1.07713877 2.90056981 0.53856938 0.53856938 0.53856938];2.912660082045928;23;1.1186833463083157;4;4
['rally', 'hungary', 'tell', 'gop', 'terrifying'];[0.53856938 0.53856938 0.53856938 0.53856938 0.53856938];2.5404490941328866;23;0.5385693838554461;1;1
['ai', 'goldfish', 'behavior', 'fish', 'person'];[0.53856938 0.53856938 0.53856938 0.53856938 0.53856938];2.4821259223124437;10;0.5385693838554461;3;3
['stronger', 'knife', 'kill', 'kill', 'twice'];[0.53856938 0.53856938 1.07713877 2.90056981 0.53856938];3.4395801225295335;11;1.1186833463083157;1;1
['turn', 'tg', 'minute', 'ireland', 'dublin'];[0.53856938 0.53856938 0.53856938 0.53856938 0.53856938];2.448266012264523;13;0.5385693838554461;0;0
['wednesday', 'wylin', 'yall'];[0.79727231 0.89761564 0.89761564 0.         0.        ];2.5925035873892366;3;0.8641678624630788;4;4
['say', 'cannot', 'rock', 'full', 'link'];[0.53856938 0.44314513 0.44314513 0.47836338 0.44314513];2.2733449560659595;7;0.4692736334625273;4;4
['book', 'book', 'super', 'lineup', 'speaker'];[1.07713877 2.90056981 0.53856938 0.53856938 0.53856938];3.065986259147001;17;1.1186833463083157;1;1
['arrested', 'people', 'arrested', 'people', 'tortured'];[1.07713877 0.83631477 2.90056981 1.74855599 0.53856938];3.2295193648831324;21;1.4202297452487616;1;1
['line', 'politics', 'politics', 'politics', 'line'];[0.95672677 1.3294354  2.94566413 6.52678362 2.28831528];3.848092696851918;24;2.809385039233863;1;1
['wave', 'country', 'politician', 'brought', 'never'];[0.53856938 0.47836338 0.53856938 0.53856938 0.47836338];2.363411450925366;8;0.5144869842023275;1;1
['many', 'athlete', 'journalist', 'among', 'follower'];[0.41815739 0.53856938 0.53856938 0.47836338 0.47836338];2.351310582165533;6;0.49040458454920904;0;0
['layout', 'layout', 'process', 'breakdown', 'shot'];[1.07713877 2.90056981 0.53856938 0.53856938 0.53856938];3.0223338085589955;18;1.1186833463083157;3;3
['december', 'early', 'december', 'fall', 'december'];[ 1.61570815  0.41815739  4.35085472  0.47836338 11.71618572];4.8399959705844955;26;3.7158538729864476;2;2
['b', '4b', 'b4', 'b', 'selection'];[1.07713877 0.53856938 0.53856938 2.90056981 0.53856938];2.932585654734856;21;1.1186833463083157;3;3
['would', 'embrace', 'warning', 'flag', 'branding'];[0.53856938 0.53856938 0.53856938 0.53856938 0.53856938];2.5675726433976718;19;0.5385693838554461;0;0
['power', 'nothing', 'give', 'peace', 'take'];[0.53856938 0.53856938 0.47836338 0.53856938 0.47836338];2.2294395992550426;13;0.5144869842023275;4;4
['makeup', 'son', 'might', 'bend', 'knee'];[0.53856938 0.53856938 0.53856938 0.53856938 0.53856938];2.557949263521277;8;0.5385693838554461;2;2
['today', 'today', 'important', 'mental', 'health'];[0.79755077 1.59021806 0.53856938 0.53856938 0.53856938];2.4972000052348;27;0.8006953956634031;0;0
['furiendly', 'enjoyed', 'pit', 'raised', 'hand'];[0.53856938 0.53856938 0.53856938 0.53856938 0.53856938];2.5977093680812486;24;0.5385693838554461;2;2
['competent', 'technology', 'strong', 'crypto', 'base'];[0.53856938 0.53856938 0.53856938 0.53856938 0.53856938];2.409162085603677;15;0.5385693838554461;2;2
['elvis', 'presley', 'signing', 'autograph', 'fan'];[0.53856938 0.53856938 0.53856938 0.53856938 0.53856938];2.69284691927723;5;0.5385693838554461;4;4
['agent', 'pressure', 'refusing', 'club', 'offer'];[0.53856938 0.53856938 0.53856938 0.53856938 0.53856938];2.535937856139317;8;0.5385693838554461;0;0
['american', 'humorous', 'satire', 'american', 'society'];[0.95672677 0.53856938 0.53856938 2.28831528 0.53856938];3.0639987994674853;12;0.9721500398889473;1;3
['work', 'work', 'shrugging', 'upside', 'face'];[0.79755077 1.59021806 0.53856938 0.53856938 0.53856938];2.721187517909783;12;0.8006953956634031;2;2
['grinding', 'home', 'studio', 'coming', 'month'];[0.53856938 0.47836338 0.41815739 0.36954978 0.53856938];2.1347682736913085;7;0.46864186277519804;4;4
['beauty', 'woman'];[1.34642346 0.95734783 0.         0.         0.        ];2.3037712940854083;2;1.1518856470427041;2;2
['made', 'death', 'dy', 'collides', 'clone'];[0.53856938 0.47836338 0.53856938 0.53856938 0.53856938];2.4705780129792747;8;0.5265281840288868;3;3
['kpi', 'ft'];[1.34642346 1.34642346 0.         0.         0.        ];2.69284691927723;2;1.346423459638615;0;0
['committed', 'boosting', 'agriculture', 'create', 'job'];[0.53856938 0.53856938 0.53856938 0.53856938 0.53856938];2.69284691927723;6;0.5385693838554461;1;1
['released', 'podcast', 'spotify', 'go', 'check'];[0.47836338 0.47836338 0.47836338 0.53856938 0.47836338];2.3756652547785726;6;0.4904045845492091;0;4
['volume', 'almost', 'share', 'announcement', 'meantime'];[0.53856938 0.53856938 0.53856938 0.53856938 0.53856938];2.3986045861306597;15;0.5385693838554461;4;4
['generate', 'million', 'york', 'likely', 'projection'];[0.53856938 0.53856938 0.53856938 0.53856938 0.53856938];2.449401207469241;14;0.5385693838554461;1;1
['9', 'dozen', 'injured', 'nyc', 'official'];[0.53856938 0.53856938 0.53856938 0.53856938 0.53856938];2.6221058965150807;11;0.5385693838554461;1;1
['california', 'opening', 'door', 'forcing', 'caregiver'];[0.53856938 0.53856938 0.53856938 0.53856938 0.53856938];2.544333973130971;14;0.5385693838554461;1;1
['well', 'finish', 'drawing', 'pending', '2021'];[0.53856938 0.53856938 0.44314513 0.53856938 0.47836338];2.4126400463812985;6;0.5074433338401003;3;2
['guess', 'song', 'hope', 'understand', 'song'];[0.53856938 0.71590277 0.44314513 0.53856938 1.28129195];2.8015758512877014;5;0.7034957248403633;4;4
['balinese', 'aw', 'forget', 'pray', 'liberia'];[0.53856938 0.53856938 0.53856938 0.53856938 0.53856938];2.3994652966236765;20;0.5385693838554461;2;2
['pablo', 'mari', 'weighing', 'brazil', 'return'];[0.53856938 0.53856938 0.53856938 0.53856938 0.47836338];2.5638340639926667;7;0.5265281840288868;0;0
['india', 'india', 'female', 'prime', 'minister'];[1.07713877 2.90056981 0.53856938 0.53856938 0.53856938];3.2404512683289193;15;1.1186833463083157;1;1
['designer', 'worn', 'since', 'helm', 'accident'];[0.53856938 0.53856938 0.53856938 0.53856938 0.53856938];2.451763638250276;16;0.5385693838554461;2;2
['political', 'replace', 'blind', 'allegiance', 'reasoned'];[0.53856938 0.53856938 0.53856938 0.53856938 0.53856938];2.602537920578036;10;0.5385693838554461;1;1
['good', 'good', 'right', 'recall', 'attracted'];[0.83631477 1.74855599 0.53856938 0.53856938 0.53856938];2.659916475731535;20;0.8401157827958919;1;1
['going', 'asking', 'friend'];[0.79727231 0.89761564 0.73857522 0.         0.        ];2.433463169149349;3;0.8111543897164496;0;0
['jungkook', 'spotify', 'ohmygod'];[0.89761564 0.79727231 0.89761564 0.         0.        ];2.5925035873892366;3;0.8641678624630788;4;4
['four', 'streaming', 'royalty', 'dispute', 'domino'];[0.53856938 0.53856938 0.53856938 0.53856938 0.53856938];2.606838349087521;7;0.5385693838554461;4;4
['emission', 'production', 'production', 'carbon', 'emission'];[1.07713877 1.07713877 2.90056981 0.53856938 2.90056981];3.6755822589852265;16;1.6987973087611852;2;1
['pharaoh', 'forced', 'cancel', 'reported', 'camp'];[0.53856938 0.53856938 0.53856938 0.53856938 0.53856938];2.506042337346609;9;0.5385693838554461;0;0
['moonward', 'aiming', 'scarf', 'lil', 'cute'];[0.53856938 0.53856938 0.53856938 0.53856938 0.53856938];2.6068383490875213;7;0.5385693838554461;2;2
['love', 'playing', 'retro', 'break', 'session'];[0.39877538 0.47836338 0.53856938 0.53856938 0.47836338];2.184803704881903;7;0.4865281840288868;4;4
['team', 'please', 'free', 'private', 'pick'];[0.53856938 0.53856938 0.53856938 0.53856938 0.53856938];2.548480772625316;12;0.5385693838554461;0;0
['veritas', 'producer', 'accused', 'sex', 'crime'];[0.53856938 0.53856938 0.53856938 0.53856938 0.53856938];2.6043086852584127;17;0.5385693838554461;1;1
['character', 'character', 'calling', 'bei', 'sure'];[0.95672677 2.28831528 0.53856938 0.53856938 0.53856938];2.8457020318237602;18;0.9721500398889473;0;0
['last', 'night', 'plot', 'twist', 'said'];[0.53856938 0.41815739 0.53856938 0.53856938 0.53856938];2.5724349210116375;5;0.5144869842023275;0;0
['hour', 'mission', 'accomplished', 'remarkable', 'achievement'];[0.53856938 0.53856938 0.53856938 0.53856938 0.53856938];2.594372168962586;15;0.5385693838554461;0;0
['philippe', 'coutinho', 'golazo'];[0.89761564 0.89761564 0.89761564 0.         0.        ];2.6928469192772297;3;0.8976156397590767;0;0
['rolled', 'sleeve', 'cat', 'mom', 'shirt'];[0.53856938 0.53856938 0.47836338 0.53856938 0.41815739];2.441988589557246;6;0.5024457843757684;2;2
['bass', 'kinda', 'thing'];[0.89761564 0.89761564 0.79727231 0.         0.        ];2.592503587389236;3;0.8641678624630788;4;4
['dad', 'always', 'wanted', 'youtube', 'music'];[0.53856938 0.47836338 0.47836338 0.47836338 0.30934378];2.283003314743194;5;0.45660066294863877;4;4
['dunnit', 'join', 'u', 'u', 'doin'];[0.53856938 0.53856938 0.73909955 1.36567037 0.53856938];2.56704275206211;12;0.7440956143197115;3;3
['check', 'redemption', 'white', 'also', 'available'];[0.47836338 0.53856938 0.47836338 0.44314513 0.44314513];2.3331198372613553;6;0.4763172838247546;2;2
['pic', 'like', 'like', 'pic', 'game'];[1.07713877 0.83631477 1.74855599 2.90056981 0.33029085];2.9846702015966007;30;1.3785740378424325;3;3
['gm', '2earn', 'music2', 'earn', 'musicy'];[0.53856938 0.53856938 0.53856938 0.53856938 0.53856938];2.408386051321159;7;0.5385693838554461;4;4
['class', 'session'];[1.19590846 1.19590846 0.         0.         0.        ];2.391816923613249;2;1.1959084618066245;0;0
['nketiah', 'arsenal', 'contract', 'set', 'expire'];[0.53856938 0.53856938 0.53856938 0.53856938 0.53856938];2.5816824549367094;7;0.5385693838554461;0;0
['ep', 'memory', 'february', '7', 'track'];[0.53856938 0.47836338 0.53856938 0.44314513 0.47836338];2.3163492411608138;7;0.49540213401354105;4;4
['compensate', 'indigenous', 'child', 'taken', 'family'];[0.53856938 0.53856938 0.53856938 0.53856938 0.53856938];2.69284691927723;8;0.5385693838554461;1;1
['acting', 'chairman', 'member', 'acting', 'vote'];[1.07713877 0.53856938 0.47836338 2.90056981 0.47836338];4.817419459379277;14;1.0946009466551971;1;1
['believe', 'first', 'drawing', 'tawna', 'crash'];[0.47836338 0.44314513 0.47836338 0.53856938 0.53856938];2.383291503205352;6;0.49540213401354105;3;3
['game', 'game', 'driver', 'function', 'needed'];[0.66058169 1.09092043 0.53856938 0.53856938 0.53856938];2.5983303446170343;26;0.6734420560339552;3;3
['also', 'hairstyle', 'kunal', 'khemu'];[0.59795423 0.67321173 0.67321173 0.67321173 0.        ];2.617589420361235;4;0.6543973550903087;4;2
['jan', '1971', 'black', 'sabbath', 'paranoid'];[0.53856938 0.53856938 0.53856938 0.53856938 0.53856938];2.4770106700677053;10;0.5385693838554461;4;4
