TokenizedText;TF-IDF;TF-IDF sum;Words quantity;Label;True Label
['sanjay', 'raut', 'priyanka', 'uttar', 'pradesh'];[0.53856938 0.53856938 0.53856938 0.53856938 0.53856938];2.69284691927723;5;0;0
['sci', 'shooter', 'unity', '3d', 'unity3'];[0.53856938 0.53856938 0.53856938 0.53856938 0.53856938];2.69284691927723;5;1;1
['hello', 'little', 'studio', 'friend'];[0.59795423 0.42321173 0.44743923 0.49846923 0.        ];0.0;4;0;0
['released', 'podcast', 'spotify', 'go', 'check'];[0.44314513 0.47836338 0.47836338 0.30335113 0.30335113];2.0065741664454326;5;0;0
['book', 'book', '14', 'chk', 'lineup'];[0.76587827 1.4664238  0.53856938 0.53856938 0.53856938];3.082131953358281;5;0;0
['maybe', 'like', 'song', 'happy', 'way'];[0.44314513 0.28751488 0.32273313 0.33029085 0.33029085];1.7139748440398215;5;0;0
['unfolded', 'begin', 'tracking', 'weekly', 'compete'];[0.53856938 0.53856938 0.53856938 0.53856938 0.53856938];2.69284691927723;5;0;0
['includes', 'competent', 'technology', 'crypto', 'base'];[0.53856938 0.53856938 0.53856938 0.53856938 0.47836338];2.632640920144434;5;0;0
['work', 'screw', 'work', 'shrugging', 'upside'];[0.63156143 0.53856938 0.99717459 0.53856938 0.53856938];2.6128827410830704;5;0;0
['first', 'music', 'assembly', 'new', 'year'];[0.27412552 0.24314513 0.53856938 0.20987885 0.27008485];0.0;5;0;0
['sometimes', 'pretend', 'normal', 'boring', 'differently'];[0.39877538 0.53856938 0.53856938 0.47836338 0.53856938];2.4928469192772305;5;0;0
['nightmare', 'please', 'private', 'link', 'pick'];[0.53856938 0.47836338 0.53856938 0.44314513 0.47836338];2.4770106700677053;5;0;0
['cannot', 'rock', 'dress', 'full', 'link'];[0.36954978 0.36954978 0.35795139 0.39877538 0.44314513];1.9389714540620024;5;0;0
['asia', 'posing', 'obstacle', 'vibrant', 'region'];[0.53856938 0.53856938 0.53856938 0.53856938 0.53856938];2.69284691927723;5;0;0
['responding', 'violent', 'insurrection', 'protect', 'information'];[0.53856938 0.53856938 0.53856938 0.53856938 0.47836338];2.632640920144434;5;0;0
['introduce', 'reinterpreted', 'line', 'graphic', 'focus'];[0.53856938 0.53856938 0.41815739 0.53856938 0.47836338];2.512228921878841;5;0;0
['adding', 'fur', 'boot', 'make', 'comfortable'];[0.39877538 0.53856938 0.41815739 0.26622382 0.44314513];0.0;5;0;0
['resolution', 'goal', 'let', 'know', 'comment'];[0.44314513 0.44314513 0.33029085 0.2924796  0.38293913];1.8919998460053367;5;0;0
['rous', 'oddly', 'slime', 'videogames', 'ftw'];[0.53856938 0.53856938 0.53856938 0.53856938 0.53856938];2.69284691927723;5;1;1
['game', 'game', 'incredible', 'unmatched', 'game'];[0.66106939 0.72835456 0.53856938 0.53856938 0.80248817];1.8796269369312184;5;1;1
['clothing', 'type', 'donut', 'clothing', 'item'];[0.88629027 0.53856938 0.53856938 1.96377609 0.53856938];3.5794842397979676;5;0;0
['involving', 'dj', '0kovic', 'dj0', 'kovic'];[0.53856938 0.53856938 0.53856938 0.53856938 0.53856938];2.69284691927723;5;0;0
['u', 'party', 'party', 'dialogue', 'u'];[0.54825105 0.67713877 1.14629228 0.53856938 0.75144803];2.436309694762505;5;0;0
['sport', 'integrity', 'sport', 'facing', 'sport'];[0.86254465 0.53856938 1.23997212 0.53856938 1.78255219];2.859690958509694;5;0;0
['middle', 'multibillionaires', 'saw', 'wealth', 'soared'];[0.53856938 0.53856938 0.53856938 0.53856938 0.53856938];2.69284691927723;5;0;0
['italy', '66', 'switzerland', 'draw', '85'];[0.53856938 0.53856938 0.53856938 0.53856938 0.53856938];2.69284691927723;5;0;0
['district', 'county', 'tulare', 'kern', 'county'];[0.53856938 0.83631477 0.53856938 0.53856938 1.74855599];3.3642641427997524;5;0;0
['congrats', 'congrats', 'englandcricket', 'magical', 'importantly'];[1.07713877 2.90056981 0.53856938 0.53856938 0.53856938];4.516277963830686;5;0;0
['bit', 'dart', 'rockstar', '13', 'dart'];[0.41815739 1.07713877 0.53856938 0.44314513 2.90056981];4.300441714621161;5;0;0
['clowder', 'debut', 'notification', 'bell', 'clowder'];[1.07713877 0.53856938 0.53856938 0.53856938 2.90056981];4.516277963830686;5;0;0
['emission', 'production', 'production', 'carbon', 'emission'];[1.07713877 0.95672677 2.28831528 0.53856938 2.90056981];5.727454474552893;5;0;0
['excited'];[2.09078693 0.         0.         0.         0.        ];0.0;1;0;0
['hair', 'hair', '3', '3', 'make'];[0.95672677 2.28831528 0.67713877 1.14629228 0.27008485];3.704692402966667;5;0;0
['bright', 'embrace', 'warning', 'flag', 'branding'];[0.53856938 0.53856938 0.53856938 0.53856938 0.53856938];2.69284691927723;5;0;0
['2017', 'smokepatch', 'amistosos', 'lazio', 'atalanta'];[0.53856938 0.53856938 0.53856938 0.53856938 0.53856938];2.69284691927723;5;1;1
['homophobia', 'biphobia', 'transphobia', 'nobody', 'discrimination'];[0.53856938 0.53856938 0.53856938 0.53856938 0.53856938];2.69284691927723;5;0;0
['fancy', 'jester', 'inspired', 'venetian', 'carnival'];[0.53856938 0.53856938 0.47836338 0.53856938 0.53856938];2.632640920144434;5;0;0
['ok', 'time', 'get', 'together', 'holiday'];[0.53856938 0.28751488 0.27008485 0.38293913 0.53856938];0.0;5;1;1
['faster', 'lock', 'test', 'sprite', 'routine'];[0.53856938 0.53856938 0.53856938 0.53856938 0.53856938];2.69284691927723;5;1;1
['need', 'update', 'wardrobe', 'replica', 'bag'];[0.30335113 0.41815739 0.41815739 0.38293913 0.39877538];1.9213804199909765;5;0;0
['year', 'year', 'year', 'lesson', 'lesson'];[0.83509015 1.16229261 1.61769852 0.95672677 2.28831528];3.906013802266576;5;0;0
['chilly', 'cozy', 'pet', 'comfy', 'hoodies'];[0.53856938 0.53856938 0.47836338 0.53856938 0.47836338];2.572434921011638;5;0;0
['kpi', 'ft'];[1.34642346 1.34642346 0.         0.         0.        ];0.0;2;0;0
['army', 'physiotherapist', 'formally', 'unsupported', 'trek'];[0.53856938 0.53856938 0.53856938 0.53856938 0.53856938];2.69284691927723;5;0;0
['commentary', 'soccer', 'v', 'men', 'soccer'];[0.53856938 1.07713877 0.53856938 0.39877538 2.90056981];4.376483962963482;5;0;0
['decry', 'california', 'opening', 'forcing', 'caregiver'];[0.53856938 0.53856938 0.53856938 0.53856938 0.53856938];2.69284691927723;5;0;0
['song', 'record', 'next'];[0.53788856 0.73857522 0.59658564 0.         0.        ];0.0;3;0;0
['leotard', 'sparkling', 'performance', 'leotard', 'performance'];[1.07713877 0.53856938 1.07713877 2.90056981 2.90056981];6.339709008384141;5;0;0
['day', 'km', 'day', 'km', '03'];[0.5401697  1.07713877 0.72945825 2.90056981 0.53856938];4.1685974456425265;5;0;0
['unending', 'resource', 'social', 'specifically', 'community'];[0.53856938 0.44314513 0.44314513 0.53856938 0.41815739];2.381586419123773;5;0;0
['love', 'playing', 'retro', 'break', 'session'];[0.28751488 0.31578071 0.53856938 0.47836338 0.44314513];2.063373497718473;5;0;0
['regardless', 'bloke', 'given', 'knighthood', 'joke'];[0.47836338 0.53856938 0.53856938 0.53856938 0.53856938];2.632640920144434;5;0;0
['ambient', 'space', 'relaxing', 'music'];[0.67321173 0.55393142 0.67321173 0.31142222 0.        ];0.0;4;0;0
['amazed', 'guitar', 'deliver', 'message', 'paul'];[0.53856938 0.47836338 0.47836338 0.53856938 0.44314513];2.4770106700677057;5;0;0
['catherine', 'red', 'really', 'suit'];[0.67321173 0.67321173 0.42321173 0.52269673 0.        ];0.0;4;0;0
['good', 'good', 'currupted', 'recall', 'attracted'];[0.71590277 1.28129195 0.53856938 0.53856938 0.53856938];2.8970001022316336;5;0;0
['say', 'dress', 'full', 'show', 'link'];[0.38293913 0.36954978 0.39877538 0.36954978 0.44314513];1.9639592013836624;5;0;0
['sweater', 'uggs', 'warm', 'hollister', 'coat'];[0.53856938 0.53856938 0.53856938 0.53856938 0.53856938];2.69284691927723;5;0;0
['time', 'high', 'time', 'contestant', 'creative'];[0.5849592  0.53856938 0.85544316 0.53856938 0.53856938];2.471151313269888;5;0;0
['teach', 'someone', 'teach', 'people', 'people'];[1.07713877 0.47836338 2.90056981 0.61868755 0.95693572];4.335868918939682;5;0;0
['melody', 'weary', 'world'];[0.79727231 0.89761564 0.56428231 0.         0.        ];0.0;3;0;0
['preview', 'trailer', 'concert', 'concert', 'hall'];[0.47836338 0.53856938 1.07713877 2.90056981 0.47836338];4.395865965565093;5;0;0
['tried', 'reine', 'musette', 'waltz', 'practice'];[0.53856938 0.53856938 0.53856938 0.53856938 0.47836338];2.632640920144434;5;0;0
['oday', 'went', 'skating', 'cold', 'long'];[0.53856938 0.47836338 0.53856938 0.53856938 0.44314513];2.5372166692005016;5;0;0
['betting', 'generate', 'york', 'official', 'projection'];[0.53856938 0.53856938 0.53856938 0.47836338 0.53856938];2.632640920144434;5;0;0
['play', 'play', 'sugarpaws', 'sweet', 'totally'];[0.67713877 1.14629228 0.53856938 0.53856938 0.53856938];2.7620004284089013;5;1;1
['elvis', 'presley', 'signing', 'autograph', 'fan'];[0.53856938 0.53856938 0.53856938 0.53856938 0.47836338];0.0;5;0;0
['laporta', 'becomes', 'member', 'rfef', 'council'];[0.53856938 0.41815739 0.44314513 0.53856938 0.53856938];0.0;5;0;0
['positive', 'vibe', 'fi', 'global', 'mind'];[0.47836338 0.44314513 0.53856938 0.44314513 0.41815739];2.321380419990976;5;0;0
['moonward', 'aiming', 'lil', 'hat', 'cute'];[0.53856938 0.53856938 0.53856938 0.47836338 0.53856938];2.632640920144434;5;0;0
['2021', 'remember', 'tiger'];[0.59658564 0.89761564 0.89761564 0.         0.        ];0.0;3;0;0
['258', 'minecraft', 'parrot', 'basking', 'sunlight'];[0.53856938 0.47836338 0.53856938 0.53856938 0.53856938];2.632640920144434;5;1;1
['desert', 'action', 'developed', 'developed', 'desert'];[1.07713877 0.44314513 1.07713877 2.90056981 2.90056981];6.244284757440209;5;1;1
['winter', 'olympics', 'asap', 'better', 'curling'];[0.47836338 0.47836338 0.53856938 0.39877538 0.53856938];2.432640920144434;5;0;0
['rally', 'sony', 'playstation', 'north', 'america'];[0.47836338 0.53856938 0.47836338 0.53856938 0.47836338];2.512228921878842;5;1;1
['weight', 'recenty', 'suddenly', 'alteration', 'sustainable'];[0.53856938 0.53856938 0.53856938 0.53856938 0.53856938];2.69284691927723;5;0;0
['everything', 'need', 'africa', 'cup', 'nation'];[0.39877538 0.30934378 0.44314513 0.41815739 0.38293913];1.952360811988125;5;0;0
['aerodactyl', 'charmeleon', 'evolved', 'kicked', 'as'];[0.53856938 0.53856938 0.53856938 0.53856938 0.53856938];2.69284691927723;5;1;1
['wednesday', 'wylin', 'yall'];[0.79727231 0.89761564 0.89761564 0.         0.        ];0.0;3;0;0
['recording', 'lookout', 'missed', 'wherever', 'podcasts'];[0.47836338 0.53856938 0.44314513 0.53856938 0.53856938];2.5372166692005016;5;0;0
['fluctuates', 'follower', 'lot', 'followed', 'lot'];[0.53856938 0.44314513 0.88629027 0.47836338 1.96377609];3.4238539897212394;5;1;1
['american', 'student', 'feel', 'ashamed', 'identity'];[0.47836338 0.44314513 0.44314513 0.53856938 0.47836338];2.3815864191237726;5;0;0
['new', 'cover', 'group', 'colossus'];[0.2841361  0.55393142 0.55393142 0.67321173 0.        ];0.0;4;0;0
['send', 'u', 'music', 'video'];[0.59795423 0.34795423 0.31142222 0.49846923 0.        ];0.0;4;0;0
['hexagon', 'fight', 'around', 'corner', 'champ'];[0.53856938 0.41815739 0.38293913 0.53856938 0.53856938];2.416804670934909;5;0;0
['want', 'community', 'photography', 'magazine', 'zine'];[0.38293913 0.41815739 0.53856938 0.44314513 0.53856938];2.3213804199909767;5;0;0
['xur', 'ahead', 'assumed', 'bungie', 'buff'];[0.53856938 0.53856938 0.53856938 0.53856938 0.53856938];2.69284691927723;5;1;1
['honored', 'speaking', 'amongst', 'trailblazer', 'feb'];[0.53856938 0.53856938 0.47836338 0.53856938 0.53856938];2.632640920144434;5;0;0
['belly', 'waist', 'hip', 'scarf', 'bellydance'];[0.53856938 0.53856938 0.53856938 0.53856938 0.53856938];2.69284691927723;5;0;0
['light', 'addiction', 'friend', 'get', 'stuck'];[0.44314513 0.53856938 0.39877538 0.28751488 0.53856938];2.206574166445433;5;1;1
['electric', 'fisker', 'ocean', 'driving', 'wild'];[0.53856938 0.53856938 0.47836338 0.47836338 0.53856938];2.572434921011638;5;0;0
['token', 'governance', 'token', 'put', 'minor'];[0.88629027 0.53856938 1.96377609 0.53856938 0.53856938];3.5794842397979676;5;1;1
['feature', 'focusing', 'thinking', 'movement', 'ability'];[0.53856938 0.53856938 0.53856938 0.53856938 0.47836338];2.632640920144434;5;1;1
['hear', 'idea', 'film', 'form', 'fiction'];[0.53856938 0.41815739 0.44314513 0.47836338 0.53856938];2.416804670934909;5;1;1
['listen', 'non', 'fitness', 'gizfit', '910'];[0.47836338 0.44314513 0.44314513 0.47836338 0.47836338];2.3213804199909767;5;0;0
['goldfish', 'visualization', 'food', 'algorithm', 'notch'];[0.47836338 0.47836338 0.47836338 0.47836338 0.53856938];2.4520229227460453;5;1;1
['life', 'song', 'love', 'music'];[0.40341642 0.40341642 0.3655995  0.31537079 0.        ];0.0;4;0;0
['pic', 'like', 'like', 'pic', 'tho'];[1.07713877 0.59549077 0.88652316 2.90056981 0.53856938];4.3256623528485365;5;1;1
['west', 'ham', 'attacker', 'antonio', 'agrees'];[0.53856938 0.53856938 0.53856938 0.53856938 0.53856938];2.69284691927723;5;0;0
['weapon', 'ups', 'animal', 'interactables', 'capable'];[0.53856938 0.53856938 0.53856938 0.53856938 0.53856938];2.69284691927723;5;1;1
['dewy', 'melon', 'treat', 'commissioned', 'reply'];[0.53856938 0.53856938 0.53856938 0.53856938 0.53856938];2.69284691927723;5;0;0
['practice', 'often', 'always', 'making', 'music'];[0.47836338 0.53856938 0.38293913 0.39877538 0.25229663];0.0;5;0;0
['away', 'away', 'many', 'excuse', 'many'];[0.83631477 1.74855599 0.71590277 0.53856938 1.28129195];3.5684173257541563;5;0;0
['early', 'work', 'aesthetic'];[0.63823189 0.56428231 0.89761564 0.         0.        ];0.0;3;0;0
['ensure', 'especially', 'hardship', 'service', 'purple'];[0.53856938 0.53856938 0.53856938 0.47836338 0.53856938];2.632640920144434;5;0;0
['princess', 'ballgown', 'meet', 'cherie', 'early'];[0.53856938 0.53856938 0.53856938 0.53856938 0.38293913];2.5372166692005016;5;0;0
['fps', 'zero', 'effect', 'pretty', 'cool'];[0.53856938 0.53856938 0.41815739 0.41815739 0.38293913];2.2963926726693162;5;1;1
['guess', 'song', 'hope', 'understand', 'song'];[0.44314513 0.64546627 0.41815739 0.47836338 1.04156676];0.0;5;0;0
['kalpop', 'joy', 'passion', 'mood', 'vibe'];[0.53856938 0.53856938 0.53856938 0.53856938 0.44314513];2.597422668333298;5;0;0
['clothes', 'wear', 'ugw'];[0.63823189 0.79727231 0.89761564 0.         0.        ];0.0;3;0;0
['burned', '482', 'billion', 'ryoshis', 'vision'];[0.53856938 0.53856938 0.47836338 0.53856938 0.53856938];2.632640920144434;5;0;0
['release', 'release', 'applemusic', 'buddy', 'graysparkaudio'];[0.88629027 1.96377609 0.53856938 0.53856938 0.53856938];3.5794842397979676;5;0;0
['b', '4b', 'b4', 'b', 'selection'];[1.07713877 0.53856938 0.53856938 2.90056981 0.53856938];4.516277963830686;5;1;1
['afghanistan', 'lost', 'kabul', 'evacuation', 'reunited'];[0.53856938 0.53856938 0.53856938 0.53856938 0.53856938];2.69284691927723;5;0;0
['coronavirus', 'tighter', 'coronavirus', 'restriction', 'prevented'];[0.95672677 0.53856938 2.28831528 0.53856938 0.53856938];3.9040234299994365;5;0;0
['bound', 'implementation', 'code', 'conduct', 'saturday'];[0.53856938 0.53856938 0.53856938 0.53856938 0.53856938];2.69284691927723;5;0;0
['left', 'enter', 'mulberry', 'twig', 'silver'];[0.47836338 0.53856938 0.53856938 0.53856938 0.53856938];2.632640920144434;5;0;0
['redemption', 'shirt', 'white', 'also', 'available'];[0.53856938 0.41815739 0.44314513 0.38293913 0.33856938];2.1213804199909765;5;0;0
['bruno', 'mar', 'hot', 'locked', 'heaven'];[0.53856938 0.53856938 0.53856938 0.53856938 0.53856938];2.69284691927723;5;0;0
['1995', 'green', 'billboard', 'modern', 'chart'];[0.53856938 0.53856938 0.53856938 0.53856938 0.53856938];2.69284691927723;5;0;0
['tm', 'unveiling', '260', 'rower', 'consumer'];[0.53856938 0.53856938 0.53856938 0.53856938 0.53856938];2.69284691927723;5;0;0
['action', 'fantasy', 'action', 'rpg', 'hound'];[0.88629027 0.53856938 1.96377609 0.53856938 0.53856938];3.5794842397979676;5;1;1
['32', '600', '1200', '32', 'tease'];[1.07713877 0.53856938 0.53856938 2.90056981 0.53856938];4.516277963830686;5;1;1
['giant', 'floral', 'print', 'old', 'wallpaper'];[0.53856938 0.53856938 0.44314513 0.53856938 0.53856938];2.5974226683332975;5;0;0
['happy', 'femboy', 'friday', 'got', 'shirt'];[0.33856938 0.53856938 0.53856938 0.35795139 0.41815739];2.191816923613249;5;0;0
['039', '039', 'pharmacy', '039', 'viability'];[1.43509015 3.43247292 0.53856938 8.20984681 0.53856938];9.286985581989464;5;0;0
['motion', 'road', 'rudely', 'interrupted', 'date'];[0.53856938 0.53856938 0.53856938 0.53856938 0.53856938];2.69284691927723;5;0;0
['copy', 'american', 'humorous', 'satire', 'american'];[0.53856938 0.95672677 0.53856938 0.53856938 2.28831528];3.9040234299994365;5;0;1
['muse', 'muse', 'hopping', 'muse', 'emotionally'];[ 1.61570815  4.35085472  0.53856938 11.71618572  0.53856938];12.793324492367766;5;0;0
['ep', 'memory', 'february', '7', 'track'];[0.53856938 0.47836338 0.47836338 0.39877538 0.41815739];2.312228921878842;5;0;0
['strategic', 'invitation', 'republic', 'parade', 'masterstroke'];[0.53856938 0.53856938 0.47836338 0.53856938 0.53856938];2.632640920144434;5;0;0
['politics', 'student', 'politics', 'student', 'finding'];[0.64546627 0.88629027 1.04156676 1.96377609 0.53856938];3.543912234070898;5;0;0
['house', 'coming', 'way', 'hope', 'ready'];[0.44314513 0.36954978 0.35795139 0.41815739 0.39877538];1.9875790637992614;5;0;0
['momentous', 'challenge', 'overcoming', 'adversity', 'meaningful'];[0.53856938 0.53856938 0.53856938 0.53856938 0.53856938];2.69284691927723;5;0;0
['channel', 'channel', 'format', 'difused', 'programme'];[1.07713877 2.90056981 0.53856938 0.53856938 0.53856938];4.516277963830686;5;0;0
['de', 'lucha', 'de', 'furiosos', 'peleadores'];[1.07713877 0.53856938 2.90056981 0.53856938 0.53856938];4.516277963830686;5;1;1
['singer', 'singer', 'irish', 'tradition', 'keening'];[0.95672677 2.28831528 0.53856938 0.53856938 0.53856938];3.9040234299994365;5;0;0
['tapper', 'cooper', 'confronted', 'veritas', 'producer'];[0.53856938 0.53856938 0.53856938 0.53856938 0.53856938];2.69284691927723;5;0;0
['beginning', 'olympics', 'fifty', 'page', 'newspaper'];[0.53856938 0.47836338 0.53856938 0.47836338 0.53856938];2.572434921011638;5;0;0
['rolled', 'sleeve', 'cat', 'mom', 'shirt'];[0.53856938 0.53856938 0.47836338 0.53856938 0.41815739];2.5122289218788416;5;0;0
['hair', 'makeup', 'son', 'bend', 'knee'];[0.47836338 0.53856938 0.53856938 0.53856938 0.53856938];2.632640920144434;5;0;0
['stuns', 'vintage', 'valentino', 'gown', 'euphoria'];[0.53856938 0.53856938 0.53856938 0.53856938 0.53856938];2.69284691927723;5;0;0
['shenhe', 'genshin', 'impact', 'luck', 'pull'];[0.53856938 0.53856938 0.53856938 0.47836338 0.53856938];2.632640920144434;5;1;1
['dunnit', 'u', 'u', 'im', 'doin'];[0.53856938 0.57502977 0.82664808 0.47836338 0.53856938];2.3821502309485423;5;1;1
['slim', 'fit', 'navy', 'smiling', 'sunglass'];[0.53856938 0.53856938 0.53856938 0.47836338 0.53856938];2.632640920144434;5;0;0
['problem', 'spike', 'protein', 'problem', 'permeate'];[0.95672677 0.53856938 0.53856938 2.28831528 0.53856938];3.9040234299994365;5;0;0
['kieran', 'trippier', 'packing', 'premier', 'return'];[0.53856938 0.53856938 0.53856938 0.53856938 0.47836338];2.632640920144434;5;0;0
['apple', 'apps', 'tv', 'electroneum', 'etn'];[0.53856938 0.53856938 0.53856938 0.53856938 0.53856938];2.69284691927723;5;1;0
['cheer', 'making', 'lot', 'music', '2022'];[0.53856938 0.39877538 0.44314513 0.25898138 0.30335113];1.94282241392055;5;0;0
['mem', 'arb', 'furiendly', 'pit', 'raised'];[0.53856938 0.53856938 0.53856938 0.53856938 0.53856938];2.69284691927723;5;0;0
['random', 'brazilian', 'invokes', 'spirit', 'veteran'];[0.53856938 0.53856938 0.53856938 0.53856938 0.53856938];2.69284691927723;5;0;1
['breaking', 'everyday', 'hungry', 'pedophile', 'ghislainemaxwelllist'];[0.53856938 0.47836338 0.53856938 0.53856938 0.53856938];2.632640920144434;5;0;0
['pei', 'potato', 'affected', 'trade', 'disruption'];[0.53856938 0.53856938 0.53856938 0.53856938 0.53856938];2.69284691927723;5;0;0
['positive', 'thought', 'silent', 'prayer', 'change'];[0.47836338 0.47836338 0.53856938 0.53856938 0.39877538];2.4326409201444337;5;0;0
['fashion', 'fashion'];[1.54671888 2.3923393  0.         0.         0.        ];0.0;2;0;0
['wardrobe', 'complete', 'without', 'aaa', 'clothes'];[0.44314513 0.53856938 0.53856938 0.53856938 0.39877538];2.4576286674660937;5;0;0
['ali', 'colin', 'kaepernick', 'proud', 'lovely'];[0.53856938 0.53856938 0.53856938 0.53856938 0.53856938];2.69284691927723;5;0;0
['discord', 'xrp', 'discord', 'info', 'game'];[0.95672677 0.53856938 2.28831528 0.53856938 0.2322736 ];3.5977276465909855;5;1;1
['entered', 'ballad', 'kenny', 'burrell', 'chamber'];[0.53856938 0.53856938 0.53856938 0.53856938 0.53856938];2.69284691927723;5;0;0
['orthodox', 'woman', 'orthodox', 'woman', 'instagram'];[1.07713877 0.71590277 2.90056981 1.28129195 0.53856938];4.7204311467850895;5;0;0
['money', 'work', 'money', 'politics', 'money'];[ 1.61570815  0.35795139  4.35085472  0.32273313 11.71618572];12.396870245759851;5;0;0
['achieves', 'marathon', 'mission', 'accomplished', 'achievement'];[0.53856938 0.53856938 0.53856938 0.53856938 0.53856938];2.69284691927723;5;0;0
['pharaoh', 'forced', 'cancel', 'reported', 'camp'];[0.53856938 0.53856938 0.53856938 0.53856938 0.53856938];2.69284691927723;5;0;0
['resolution', 'improve', 'content', 'push', 'medium'];[0.44314513 0.53856938 0.53856938 0.53856938 0.47836338];2.537216669200501;5;0;0
['fastest', '100', 'meter', 'para', 'skater'];[0.44314513 0.53856938 0.53856938 0.53856938 0.53856938];2.5974226683332975;5;0;0
['fifa', 'men', 'player', 'nominee', 'vote'];[0.53856938 0.39877538 0.38293913 0.53856938 0.41815739];2.2770106700677055;5;0;0
['throw', 'back', '2001', 'gave', 'hitd'];[0.47836338 0.39877538 0.53856938 0.53856938 0.53856938];2.49284691927723;5;0;0
['cherry', 'music', 'glockenspiel', 'music', 'lesson'];[0.53856938 0.51796276 0.53856938 0.67071356 0.47836338];2.2262157152867754;5;0;0
['followed', 'youtube', 'catch', 'vids', 'album'];[0.47836338 0.47836338 0.47836338 0.53856938 0.41815739];2.3918169236132494;5;0;0
['patnekar', 'respectively', 'likely', 'join', 'congress'];[0.53856938 0.53856938 0.53856938 0.53856938 0.53856938];2.69284691927723;5;0;0
['testing', 'buggy', 'runestone', 'restoration', 'portal'];[0.53856938 0.53856938 0.53856938 0.53856938 0.47836338];2.632640920144434;5;1;1
['trend', 'deal', 'assume', 'trend', 'must'];[0.88629027 0.53856938 0.53856938 1.96377609 0.53856938];3.5794842397979676;5;0;0
['yap', 'surprised', 'sleepless', 'night', 'come'];[0.53856938 0.53856938 0.53856938 0.38293913 0.41815739];0.0;5;1;1
['known', 'paid', 'falling', 'infrastructure', 'pandemic'];[0.53856938 0.53856938 0.53856938 0.53856938 0.53856938];2.69284691927723;5;0;0
['speaks', 'june', 'colleague', 'conversation', 'save'];[0.53856938 0.53856938 0.53856938 0.53856938 0.47836338];2.632640920144434;5;0;0
['first', 'drop', '2022', 'coming'];[0.37918892 0.55393142 0.37918892 0.46193722 0.        ];0.0;4;0;0
['dad', 'always', 'wanted', 'youtube', 'music'];[0.53856938 0.38293913 0.44314513 0.47836338 0.25898138];0.0;5;0;0
['walk', 'portal', 'transport', 'time'];[0.59795423 0.59795423 0.59795423 0.37218173 0.        ];0.0;4;0;0
['limit', 'exuberant', 'activity', 'crossing', 'limit'];[1.07713877 0.53856938 0.47836338 0.53856938 2.90056981];4.456071964697889;5;0;0
['recording', 'funky', 'stomp', 'today'];[0.59795423 0.67321173 0.67321173 0.37918892 0.        ];0.0;4;0;0
['rock', 'roll', 'win'];[0.66462564 0.73857522 0.69692898 0.         0.        ];0.0;3;0;0
['fifth', 'damn', 'guy', 'im', 'em'];[0.53856938 0.53856938 0.53856938 0.47836338 0.53856938];2.632640920144434;5;1;1
['bomb', 'cyberfunk', 'announced', 'cloud', 'platform'];[0.53856938 0.53856938 0.53856938 0.53856938 0.53856938];2.69284691927723;5;1;1
['interest', 'interest', 'uk', 'group', 'group'];[1.07713877 2.90056981 0.47836338 0.95672677 2.28831528];5.667248475420096;5;0;0
['cry', 'cry', 'cramping'];[1.79523128 4.83428302 0.89761564 0.         0.        ];0.0;3;0;0
['five', 'studio', 'styling', 'studio', 'shopping'];[0.53856938 0.76587827 0.53856938 1.4664238  0.53856938];3.082131953358281;5;0;0
['fashion', 'groom', 'wedding', 'shoe'];[0.40341642 0.67321173 0.59795423 0.67321173 0.        ];0.0;4;0;0
['primary', 'care', 'central', 'care', 'commitment'];[0.53856938 1.07713877 0.53856938 2.90056981 0.53856938];4.516277963830686;5;0;0
['music', 'stop', 'name', 'game', 'abba'];[0.25898138 0.39877538 0.47836338 0.2348666  0.53856938];0.0;5;0;0
['furniture', 'fashion'];[1.34642346 0.80683284 0.         0.         0.        ];0.0;2;0;0
['summer', 'nz', 'school', 'serving', 'lewks'];[0.53856938 0.53856938 0.53856938 0.53856938 0.53856938];2.69284691927723;5;0;0
['game', 'rugby'];[0.58716649 1.34642346 0.         0.         0.        ];0.0;2;0;0
['making', 'beat'];[0.99693846 1.10786283 0.         0.         0.        ];0.0;2;0;0
['actually', 'take', 'village', 'actually', 'village'];[0.88629027 0.41815739 1.07713877 1.96377609 2.90056981];5.282503286085831;5;0;0
['musical', 'ear', 'syndrome', 'happens'];[0.67321173 0.67321173 0.67321173 0.59795423 0.        ];0.0;4;0;0
['many', 'athlete', 'journalist', 'among', 'follower'];[0.35795139 0.47836338 0.47836338 0.53856938 0.44314513];2.2963926726693167;5;0;0
['survivor', '2000', 'fighting', 'beaten', 'tyrant'];[0.53856938 0.53856938 0.53856938 0.53856938 0.53856938];2.69284691927723;5;1;1
['harley', 'learning', 'stuff', 'cat', 'boring'];[0.53856938 0.53856938 0.53856938 0.47836338 0.47836338];2.572434921011638;5;1;1
['music', 'music', 'edition', 'amazon', 'kindle'];[0.51796276 0.67071356 0.44314513 0.53856938 0.53856938];2.190997463475639;5;0;0
['jan', '1971', 'sabbath', 'released', 'paranoid'];[0.53856938 0.53856938 0.53856938 0.47836338 0.53856938];2.632640920144434;5;0;0
['looking', 'onboard', 'industry', 'park', 'austria'];[0.47836338 0.53856938 0.47836338 0.47836338 0.53856938];2.5122289218788416;5;0;0
['appears', 'discontent', 'amongst', 'establishment', 'bite'];[0.53856938 0.53856938 0.47836338 0.53856938 0.53856938];2.632640920144434;5;0;0
['enjoying', 'night', 'drive'];[0.89761564 0.63823189 0.89761564 0.         0.        ];0.0;3;0;1
['love', 'outfit'];[0.75837783 1.04539346 0.         0.         0.        ];0.0;2;0;0
['usa', 'improving', 'young', 'santa', 'clara'];[0.53856938 0.53856938 0.53856938 0.47836338 0.53856938];2.632640920144434;5;0;0
['character', 'character', 'calling', 'bei', 'sure'];[0.95672677 2.28831528 0.53856938 0.53856938 0.53856938];3.9040234299994365;5;0;0
['pennsylvania', 'silently', 'slipping', 'poverty', 'revitalizing'];[0.53856938 0.53856938 0.53856938 0.53856938 0.53856938];2.69284691927723;5;0;0
['tag', 'artist', 'think', 'slept', 'comment'];[0.47836338 0.47836338 0.36954978 0.53856938 0.39877538];0.0;5;0;0
['tear', 'fear', 'mad', 'world'];[0.55393142 0.67321173 0.67321173 0.4346511  0.        ];0.0;4;0;0
['ripout', 'letting', 'gun', 'lead', 'finisher'];[0.53856938 0.53856938 0.53856938 0.47836338 0.53856938];2.632640920144434;5;1;1
['also', 'hairstyle', 'kunal', 'khemu'];[0.52269673 0.67321173 0.67321173 0.67321173 0.        ];0.0;4;0;0
['dnf', 'currently', 'stage', 'upcoming', 'dnf'];[1.07713877 0.53856938 0.53856938 0.47836338 2.90056981];4.456071964697889;5;1;1
['side', 'side', 'bias', 'reporting', 'informed'];[1.07713877 2.90056981 0.53856938 0.53856938 0.53856938];4.516277963830686;5;0;0
['available', 'everywhere', 'dm', 'cd', 'version'];[0.39877538 0.47836338 0.41815739 0.44314513 0.47836338];0.0;5;0;0
['brave', 'saying', 'however', 'result', 'worth'];[0.53856938 0.53856938 0.53856938 0.53856938 0.53856938];2.69284691927723;5;0;0
['favourite', 'soundtrack', 'ever'];[0.73857522 0.89761564 0.66462564 0.         0.        ];0.0;3;0;0
['czech', 'tennis', 'renata', 'voracova', 'hotel'];[0.53856938 0.53856938 0.53856938 0.53856938 0.53856938];2.69284691927723;5;0;0
['nation', 'pose', 'asian', 'nation', 'taiwan'];[0.76587827 0.53856938 0.53856938 1.4664238  0.53856938];3.082131953358281;5;0;0
['good', 'morning', 'hope', 'wonderful', 'week'];[0.38293913 0.47836338 0.41815739 0.53856938 0.38293913];0.0;5;0;0
['point', 'symbol', 'hundred', 'point', 'symbol'];[0.95672677 1.07713877 0.47836338 2.28831528 2.90056981];5.667248475420097;5;0;0
['philippe', 'coutinho', 'golazo'];[0.89761564 0.89761564 0.89761564 0.         0.        ];0.0;3;0;0
['church', 'donated', 'drum', 'use', 'general'];[0.53856938 0.53856938 0.47836338 0.47836338 0.47836338];2.512228921878842;5;0;0
['disagree', 'jonathan', 'sumption', 'powerful', 'ignored'];[0.53856938 0.53856938 0.53856938 0.53856938 0.53856938];2.69284691927723;5;0;0
['s', 's', 'twentieth', 'century', 'fascist'];[0.88629027 1.96377609 0.53856938 0.53856938 0.53856938];3.5794842397979676;5;0;0
['unique', 'shop', 'replica', 'clothing'];[0.52269673 0.67321173 0.49846923 0.59795423 0.        ];0.0;4;0;0
['season', 'fleeting', 'moment', 'felt', 'season'];[0.83631477 0.53856938 0.53856938 0.53856938 1.74855599];3.3642641427997524;5;0;0
['kei', 'kamara', 'douala', 'good', 'luck'];[0.53856938 0.53856938 0.53856938 0.38293913 0.47836338];0.0;5;0;0
['graham', 'hood', 'graham', 'hood', 'interview'];[1.07713877 1.07713877 2.90056981 2.90056981 0.53856938];6.339709008384141;5;0;0
['custom', 'hoodies'];[1.04539346 1.19590846 0.         0.         0.        ];0.0;2;0;0
['president', 'elect', 'president', 'elect', 'pres'];[0.83631477 1.07713877 1.74855599 2.90056981 0.53856938];5.187695187353208;5;0;0
['play', 'play', 'super', 'bomberman', 'est'];[0.71590277 1.28129195 0.53856938 0.53856938 0.53856938];2.8970001022316336;5;1;1
['photographer', 'pink', 'calm', 'liar', 'tote'];[0.53856938 0.53856938 0.53856938 0.53856938 0.53856938];2.69284691927723;5;0;0
['death', 'dy', 'collides', 'clone', 'look'];[0.47836338 0.47836338 0.53856938 0.53856938 0.41815739];2.4520229227460453;5;1;1
['dizzy', 'unreleased', 'sega', 'megadrive', 'dizzy'];[1.07713877 0.53856938 0.53856938 0.53856938 2.90056981];4.516277963830686;5;1;1
['scene', 'dark', 'source', 'scene', 'brighter'];[1.07713877 0.53856938 0.53856938 2.90056981 0.53856938];4.516277963830686;5;1;1
['volume', 'almost', 'announcement', 'preview', 'meantime'];[0.53856938 0.53856938 0.53856938 0.47836338 0.53856938];2.632640920144434;5;0;0
['match', 'remarkable', 'wait', 'match', 'thursday'];[0.88629027 0.53856938 0.53856938 1.96377609 0.53856938];3.5794842397979676;5;0;0
['freebie', 'honest', 'tax', 'payer', 'freebie'];[1.07713877 0.47836338 0.53856938 0.53856938 2.90056981];4.456071964697889;5;0;0
['inclusive', 'kind', 'build', 'diverse', 'necessary'];[0.53856938 0.53856938 0.53856938 0.53856938 0.53856938];2.69284691927723;5;0;0
['research', 'strong', 'expansion', 'medicaid', 'mississippi'];[0.53856938 0.53856938 0.53856938 0.53856938 0.53856938];2.69284691927723;5;0;0
['make', 'world', 'beautiful'];[0.52630119 0.5795348  0.69692898 0.         0.        ];0.0;3;0;0
['globetrotter', 'pumped', 'honor', 'greatest', 'basketball'];[0.53856938 0.53856938 0.53856938 0.53856938 0.53856938];2.69284691927723;5;0;0
['need', 'comeback', 'need', 'grandma', 'down'];[0.67713877 0.53856938 1.14629228 0.53856938 0.53856938];2.7620004284089013;5;0;0
['susil', 'premajayantha', 'vehicle', 'trying', 'fool'];[0.47836338 0.47836338 0.53856938 0.44314513 0.53856938];0.0;5;0;0
['katie', 'piper', 'ego', 'phase', 'eight'];[0.53856938 0.53856938 0.53856938 0.53856938 0.53856938];2.69284691927723;5;0;0
['determined', 'make', 'happy'];[0.89761564 0.53788856 0.5795348  0.         0.        ];0.0;3;0;0
['product', 'two', 'hat', 'two', 'hat'];[0.53856938 1.07713877 0.95672677 2.90056981 2.28831528];5.727454474552893;5;0;0
['party', 'party', 'issuing', 'fundraising', 'presidential'];[0.71590277 1.28129195 0.53856938 0.53856938 0.53856938];2.8970001022316336;5;0;0
['bodybuilding'];[2.69284692 0.         0.         0.         0.        ];0.0;1;0;0
['seemed', 'poker', 'lifestyle', 'spiraling', 'control'];[0.53856938 0.53856938 0.53856938 0.53856938 0.53856938];2.69284691927723;5;1;1
['skirt', 'die'];[1.34642346 1.34642346 0.         0.         0.        ];0.0;2;0;0
['staff', 'compulsory', 'nh', 'staff', 'covid'];[1.07713877 0.53856938 0.53856938 2.90056981 0.44314513];4.420853712886753;5;0;0
['parrikar', 'party', 'party', 'parrikar', 'rafael'];[1.07713877 0.71590277 1.28129195 2.90056981 0.53856938];4.7204311467850895;5;0;0
['favorite', 'sport', 'model', 'elisarose', 'sg'];[0.47836338 0.33856938 0.47836338 0.53856938 0.53856938];0.0;5;0;0
['retweet', 'follow', 'u', 'daily', 'post'];[0.53856938 0.47836338 0.31578071 0.44314513 0.41815739];2.1940160004735416;5;0;0
['proactively', 'conscious', 'opportunist', 'taking', 'contribute'];[0.53856938 0.53856938 0.53856938 0.53856938 0.53856938];2.69284691927723;5;0;0
['skill', 'gain', 'user', 'skill', 'target'];[0.95672677 0.53856938 0.53856938 2.28831528 0.53856938];3.9040234299994365;5;1;1
['music', 'soul', 'word', 'mind'];[0.32815892 0.67321173 0.59795423 0.55393142 0.        ];0.0;4;0;0
['advice', 'received', 'simple', 'stay', 'consistent'];[0.53856938 0.53856938 0.53856938 0.53856938 0.47836338];2.632640920144434;5;0;0
['style', 'truly', 'described', 'effortless'];[0.59795423 0.59795423 0.67321173 0.67321173 0.        ];0.0;4;0;0
['discussing', 'plan', 'band', '2022'];[0.67321173 0.59795423 0.67321173 0.38667972 0.        ];0.0;4;0;0
['may', 'black', 'may', 'ost', 'sketching'];[0.88629027 0.53856938 1.96377609 0.53856938 0.53856938];3.5794842397979676;5;1;1
['affect', 'police', 'sentencing', 'court', 'bill'];[0.53856938 0.53856938 0.53856938 0.53856938 0.53856938];2.69284691927723;5;0;0
['album', 'pride', 'dragon', 'east', 'lit'];[0.44314513 0.53856938 0.53856938 0.53856938 0.53856938];2.5974226683332975;5;0;0
['dedicated', 'follower', 'fashion'];[0.89761564 0.73857522 0.53788856 0.         0.        ];0.0;3;0;0
['overcoat', 'breasted', 'button', 'welt', 'pocket'];[0.53856938 0.53856938 0.47836338 0.53856938 0.53856938];2.632640920144434;5;0;0
['veer', 'savarkar', 'veer', 'savarkar', 'agree'];[1.07713877 1.07713877 2.90056981 2.90056981 0.53856938];6.339709008384141;5;0;0
['ghost', 'arcade', 'largest', 'arcade', '845'];[0.53856938 1.07713877 0.53856938 2.90056981 0.53856938];4.516277963830686;5;1;1
['bass', 'kinda', 'thing'];[0.89761564 0.89761564 0.61591629 0.         0.        ];0.0;3;0;0
['jrpgs', 'button', 'intuitive', 'eating', 'drinking'];[0.53856938 0.47836338 0.53856938 0.53856938 0.53856938];2.632640920144434;5;1;1
['coalition', 'disability', 'putting', 'fundraiser', 'bingo'];[0.53856938 0.53856938 0.53856938 0.53856938 0.53856938];2.69284691927723;5;1;0
['many', 'ocean', 'many', 'ocean', 'experience'];[0.71590277 0.95672677 1.28129195 2.28831528 0.53856938];4.108176612953841;5;0;0
['education', 'system', 'education', 'system', 'playful'];[1.07713877 0.88629027 2.90056981 1.96377609 0.53856938];5.402915284351423;5;0;0
['design', 'design', 'outfit', 'fashion', 'outfit'];[1.07713877 2.90056981 0.83631477 0.32273313 1.74855599];4.971858938143684;5;0;0
['utd', 'rangnick', 'concedes', 'sale', 'happen'];[0.53856938 0.53856938 0.53856938 0.53856938 0.53856938];2.69284691927723;5;0;0
['nketiah', 'arsenal', 'contract', 'set', 'expire'];[0.53856938 0.44314513 0.47836338 0.47836338 0.53856938];2.4770106700677053;5;0;0
['listening', 'orchestra', 'musician', 'beautifully', 'loved'];[0.53856938 0.53856938 0.47836338 0.53856938 0.53856938];2.632640920144434;5;0;0
['drop', 'anyone', 'zara', 'boot', 'hit'];[0.44314513 0.47836338 0.53856938 0.44314513 0.47836338];2.3815864191237726;5;0;0
['hard', 'hitting', 'interested', 'via', 'email'];[0.53856938 0.53856938 0.53856938 0.53856938 0.53856938];2.69284691927723;5;1;0
['cyborg', 'mercenary', 'cyborg', 'mercenary', 'fire'];[1.07713877 1.07713877 2.90056981 2.90056981 0.44314513];6.244284757440209;5;1;1
['aboard', 'air', 'force', 'joint', 'andrew'];[0.53856938 0.53856938 0.53856938 0.53856938 0.53856938];2.69284691927723;5;0;0
['incitement', 'ensuing', 'deadly', 'frolic', 'democracy'];[0.53856938 0.53856938 0.53856938 0.53856938 0.53856938];2.69284691927723;5;0;0
['already', 'race', 'play', 'available', 'race'];[0.47836338 0.95672677 0.38293913 0.41815739 2.28831528];3.56777518252432;5;1;1
['yo', 'men', 'look', 'woody', 'harrelson'];[0.53856938 0.41815739 0.41815739 0.53856938 0.53856938];2.4520229227460453;5;0;0
['belt', 'easy', 'dressing', 'classic', 'flamboyant'];[0.53856938 0.53856938 0.53856938 0.53856938 0.53856938];2.69284691927723;5;0;0
['love', 'love', 'battlefield', 'pat', 'benatar'];[0.61868755 0.95693572 0.53856938 0.53856938 0.53856938];0.0;5;0;0
['truth', 'dare', 'game', 'truth', 'dare'];[1.07713877 1.07713877 0.24608978 2.90056981 2.90056981];6.04722940880435;5;1;1
['mother', '60', 's', '70', 's'];[0.53856938 0.53856938 0.88629027 0.53856938 1.96377609];3.579484239797968;5;0;0
['officer', 'poll', 'alleging', 'bjp', 'worker'];[0.53856938 0.53856938 0.53856938 0.53856938 0.53856938];2.69284691927723;5;0;0
['powerspace', 'tour', '2007', 'remembering', 'funny'];[0.53856938 0.53856938 0.53856938 0.53856938 0.53856938];2.69284691927723;5;0;0
['got', 'covered', 'song', 'grooving', 'tonight'];[0.38293913 0.53856938 0.33856938 0.53856938 0.44314513];0.0;5;0;0
['simulate', 'deterioration', 'occurs', 'sufferer', 'dementia'];[0.53856938 0.53856938 0.53856938 0.53856938 0.53856938];2.69284691927723;5;0;0
['cost', 'meghan', 'imo', 'helm', 'accident'];[0.53856938 0.53856938 0.53856938 0.53856938 0.53856938];2.69284691927723;5;0;0
['move', 'silly', 'adjust', 'course', 'move'];[0.95672677 0.53856938 0.53856938 0.53856938 2.28831528];3.9040234299994365;5;0;0
['life', 'pmmodiji', 'life', 'life', 'citizen'];[1.1488174  0.53856938 2.1996357  4.21163295 0.53856938];5.288771720791143;5;0;0
['rumor', 'psvr', 'backwards', 'compatible', 'psvr'];[0.53856938 1.07713877 0.44314513 0.47836338 2.90056981];4.360647713753957;5;1;1
['find', 'chanel', 'brand', 'amazing', 'saving'];[0.47836338 0.53856938 0.47836338 0.44314513 0.53856938];2.4770106700677053;5;0;0
['list', 'debate'];[1.34642346 1.19590846 0.         0.         0.        ];0.0;2;0;0
['lyric', 'girl', 'lyric', 'alone', 'girl'];[1.07713877 1.07713877 2.90056981 0.53856938 2.90056981];6.339709008384141;5;0;0
['opinion', 'ted', 'cruz', 'hate', 'think'];[0.53856938 0.53856938 0.53856938 0.47836338 0.41815739];2.5122289218788416;5;0;0
['preserve', 'tale', 'narrate', 'handmade', 'accessory'];[0.53856938 0.53856938 0.53856938 0.53856938 0.47836338];2.632640920144434;5;0;0
['time', 'top', 'famous', 'male', 'model'];[0.32273313 0.44314513 0.53856938 0.47836338 0.47836338];0.0;5;0;0
['runner', 'runner', 'runner', 'credit', 'seafoamserpent'];[1.43509015 3.43247292 8.20984681 0.53856938 0.53856938];9.286985581989464;5;0;0
['living', 'hell', 'crueltysquad', 'fanart', 'masterpiece'];[0.47836338 0.53856938 0.53856938 0.53856938 0.53856938];2.632640920144434;5;1;1
['develop', 'exercise', 'habit', 'achieve', 'physical'];[0.53856938 0.53856938 0.53856938 0.53856938 0.53856938];2.69284691927723;5;0;0
['latest', 'day', 'night', 'office', 'wear'];[0.47836338 0.32273313 0.39877538 0.53856938 0.47836338];2.216804670934909;5;0;0
['petticoat', 'petticoat', 'petticoat', 'desired', 'shape'];[ 1.61570815  4.35085472 11.71618572  0.53856938  0.53856938];12.793324492367766;5;0;0
['th', 'th', 'th', 'th', 'yesmen'];[ 2.15427754  5.80113962 15.62158097 42.06652618  0.53856938];42.60509556295162;5;0;0
['wba', 'ibf', 'wbo', 'igbo', '23'];[0.53856938 0.53856938 0.53856938 0.53856938 0.53856938];2.69284691927723;5;0;0
['react', 'real', 'encounter', 'huggy', 'wuggy'];[0.53856938 0.47836338 0.53856938 0.53856938 0.53856938];2.632640920144434;5;1;1
['raju', 'serious', 'jagan', 'price', 'hike'];[0.53856938 0.53856938 0.53856938 0.53856938 0.53856938];2.69284691927723;5;0;0
['6', 'extraction', 'clicked', 'gamepass', 'glitch'];[0.53856938 0.53856938 0.53856938 0.53856938 0.53856938];2.69284691927723;5;1;1
['top', 'champion', 'league', 'scorer', 'performer'];[0.44314513 0.47836338 0.53856938 0.53856938 0.53856938];2.537216669200501;5;0;0
['arrested', 'people', 'arrested', 'people', 'tortured'];[1.07713877 0.73909955 2.90056981 1.36567037 0.53856938];4.804809564446823;5;0;0
['find', 'brand', 'latest', 'palm', 'replica'];[0.47836338 0.47836338 0.47836338 0.53856938 0.44314513];2.4168046709349094;5;0;0
['anyone', 'believe', 'mobile', 'ad', 'point'];[0.47836338 0.44314513 0.47836338 0.47836338 0.47836338];2.3565986718021126;5;1;1
['clean', 'loud', '1977', 'gibson', 'tough'];[0.53856938 0.53856938 0.53856938 0.53856938 0.53856938];2.69284691927723;5;0;0
['cpac', 'massive', 'hungary', 'gop', 'terrifying'];[0.53856938 0.53856938 0.53856938 0.53856938 0.53856938];2.69284691927723;5;0;0
['identity', 'surf', 'board', 'affirm', 'identity'];[0.95672677 0.53856938 0.53856938 0.53856938 2.28831528];3.9040234299994365;5;0;0
['step', 'inside', 'strangely', 'roomy', 'tardis'];[0.53856938 0.53856938 0.53856938 0.53856938 0.53856938];2.69284691927723;5;1;1
['dot', 'flame', 'unicorn', 'shark', 'wing'];[0.53856938 0.53856938 0.53856938 0.53856938 0.53856938];2.69284691927723;5;0;0
['unable', 'repair', 'phone', 'youth', 'suicide'];[0.53856938 0.53856938 0.53856938 0.53856938 0.53856938];2.69284691927723;5;1;1
['acting', 'chairman', 'member', 'acting', 'vote'];[1.07713877 0.53856938 0.44314513 2.90056981 0.44314513];4.325429461942821;5;0;0
['finished', 'video', 'virus', 'offensive', 'soon'];[0.47836338 0.44314513 0.53856938 0.53856938 0.44314513];2.441792418256569;5;1;1
['oh', 'cool', 'fashion', 'angel', 'life'];[0.47836338 0.41815739 0.33856938 0.47836338 0.39877538];0.0;5;0;0
['naughty', 'cryptobiote', 'death', 'stranding', 'made'];[0.53856938 0.53856938 0.47836338 0.53856938 0.44314513];2.5372166692005016;5;1;0
['illmakelovetoyou', 'boyz', '2men', 'boyz2', 'jejeje'];[0.53856938 0.53856938 0.53856938 0.53856938 0.53856938];2.69284691927723;5;0;0
['missing', 'la', 'little', 'extra', 'today'];[0.47836338 0.53856938 0.39877538 0.53856938 0.33856938];0.0;5;0;0
['including', '9', 'dozen', 'injured', 'nyc'];[0.53856938 0.53856938 0.53856938 0.53856938 0.53856938];2.69284691927723;5;0;0
['single', 'drop', 'week', '1', '21'];[0.47836338 0.44314513 0.39877538 0.38293913 0.47836338];2.181586419123773;5;0;0
['fitted', 'custom', 'ensemble', '1975'];[0.67321173 0.55393142 0.67321173 0.59795423 0.        ];0.0;4;0;0
['follow', 'collection', '2020'];[0.79727231 0.79727231 0.89761564 0.         0.        ];0.0;3;0;0
['waiting', 'bus', 'wanted', 'multiplication', 'square'];[0.53856938 0.53856938 0.44314513 0.53856938 0.53856938];2.5974226683332975;5;1;1
['seen', 'video'];[1.19590846 1.10786283 0.         0.         0.        ];0.0;2;0;0
['layout', 'story', 'layout', 'process', 'breakdown'];[1.07713877 0.53856938 2.90056981 0.53856938 0.53856938];4.516277963830686;5;1;1
['lawson', 'cuphead', 'maybe', 'better', 'trophy'];[0.53856938 0.53856938 0.47836338 0.47836338 0.53856938];2.572434921011638;5;1;1
['ai', 'behavior', 'fish', 'person', 'worn'];[0.53856938 0.47836338 0.53856938 0.53856938 0.53856938];2.632640920144434;5;1;1
['sprint', 'sprint', 'al', '2019', 'jscr'];[0.95672677 2.28831528 0.53856938 0.53856938 0.53856938];3.9040234299994365;5;0;0
['one', 'gaming', 'one', 'lara', 'croft'];[0.63156143 0.53856938 0.99717459 0.53856938 0.53856938];2.6128827410830704;5;1;1
['training', 'mauritius', 'academy', 'sport'];[0.67321173 0.67321173 0.59795423 0.46193722 0.        ];0.0;4;0;0
['johnson', 'blonde', 'highlight', 'denim', 'monica'];[0.53856938 0.53856938 0.53856938 0.53856938 0.53856938];2.69284691927723;5;0;0
['danger', 'replace', 'blind', 'allegiance', 'reasoned'];[0.53856938 0.53856938 0.53856938 0.53856938 0.53856938];2.69284691927723;5;0;0
['good', 'song'];[0.95734783 0.8693022  0.         0.         0.        ];0.0;2;0;0
['married', 'man', 'trying', 'living', 'playing'];[0.53856938 0.47836338 0.44314513 0.47836338 0.44314513];2.381586419123773;5;1;1
['2010', 'microsoft', 'game', '755142110444', 'ebay'];[0.53856938 0.53856938 0.26252714 0.53856938 0.53856938];2.416804670934909;5;1;1
['cover', 'moody', 'blue', 'white', 'satin'];[0.47836338 0.53856938 0.53856938 0.47836338 0.53856938];2.572434921011638;5;0;0
['covid', 'case', 'covid', 'case', 'later'];[0.88629027 0.95672677 1.96377609 2.28831528 0.53856938];4.790660750520175;5;0;0
['telangana', 'telangana', 'news', 'leo', 'news'];[1.07713877 2.90056981 0.95672677 0.53856938 2.28831528];5.727454474552893;5;0;0
['csto', 'summit', 'president', 'pm', 'operative'];[0.53856938 0.53856938 0.44314513 0.47836338 0.53856938];2.5372166692005016;5;0;0
['biden', 'resulted', 'setting', 'illegal', 'immigration'];[0.53856938 0.53856938 0.53856938 0.53856938 0.53856938];2.69284691927723;5;0;0
['best', 'best', 'best', 'best', 'forward'];[ 1.59510153  3.18043612  6.34139816 12.6439674   0.53856938];13.182536787917618;5;0;0
['class', 'session'];[1.19590846 1.19590846 0.         0.         0.        ];0.0;2;0;0
['leader', 'want', 'leader', 'want', 'pissed'];[0.88629027 0.95672677 1.96377609 2.28831528 0.53856938];4.790660750520175;5;0;0
['even', 'yet', 'grown', 'thank', 'youuu'];[0.47836338 0.47836338 0.53856938 0.44314513 0.53856938];2.4770106700677053;5;1;1
['bos', 'rodgers', 'reluctant', 'rush', 'vardy'];[0.53856938 0.53856938 0.53856938 0.53856938 0.53856938];2.69284691927723;5;0;0
['last', 'night', 'plot', 'twist', 'said'];[0.53856938 0.41815739 0.53856938 0.53856938 0.47836338];0.0;5;0;0
['one', 'one', 'bathroom', '8', 'ago'];[0.63156143 0.99717459 0.53856938 0.53856938 0.47836338];2.5526767419502745;5;1;1
['new', 'music', 'coming', 'soon'];[0.38667972 0.33760606 0.47867392 0.55393142 0.        ];0.0;4;0;0
['everton', 'chapter', 'goodison', 'supporting', 'toffee'];[0.53856938 0.53856938 0.53856938 0.53856938 0.53856938];2.69284691927723;5;0;0
['became', 'compatible', 'surprise', 'increase', 'value'];[0.53856938 0.47836338 0.53856938 0.53856938 0.53856938];2.632640920144434;5;1;1
['area', '51', '2005', 'surveillance', 'familiar'];[0.53856938 0.53856938 0.53856938 0.53856938 0.53856938];2.69284691927723;5;1;1
['fight', 'hand', 'fight', 'getting', 'dislike'];[0.88629027 0.47836338 1.96377609 0.47836338 0.53856938];3.4590722415323754;5;0;0
['vr', 'sex', 'simulator', 'worst', 'embarrassing'];[0.53856938 0.53856938 0.53856938 0.53856938 0.53856938];2.69284691927723;5;1;1
['believe', 'first', 'drawing', 'tawna', 'crash'];[0.44314513 0.35795139 0.47836338 0.53856938 0.53856938];2.3565986718021126;5;1;1
['song', 'coming', '11', 'am', 'pst'];[0.34772088 0.38293913 0.53856938 0.53856938 0.53856938];2.346368167312636;5;0;0
['government', 'committed', 'boosting', 'agriculture', 'job'];[0.47836338 0.53856938 0.53856938 0.53856938 0.44314513];2.5372166692005016;5;0;0
['sunday', 'ride'];[1.10786283 1.34642346 0.         0.         0.        ];0.0;2;0;0
['turn', 'tg', 'minute', 'ireland', 'dublin'];[0.53856938 0.53856938 0.53856938 0.53856938 0.53856938];2.69284691927723;5;0;0
['failure', 'breathe', 'meanwhile', 'choking', 'might'];[0.53856938 0.53856938 0.53856938 0.53856938 0.53856938];2.69284691927723;5;1;1
['beauty', 'woman'];[1.34642346 0.95734783 0.         0.         0.        ];0.0;2;0;0
['race', 'ever', 'hypercar', 'race', 'start'];[0.95672677 0.44314513 0.53856938 2.28831528 0.47836338];3.748393179922708;5;0;0
['jungkook', 'spotify', 'ohmygod'];[0.89761564 0.79727231 0.89761564 0.         0.        ];0.0;3;0;0
['wimbledon', 'still', 'nba', 'final', 'tonight'];[0.53856938 0.44314513 0.53856938 0.44314513 0.44314513];2.4065741664454325;5;0;0
['fast', 'furious'];[1.19590846 1.19590846 0.         0.         0.        ];0.0;2;0;0
['denial', 'climate', 'warming', 'visible', 'planet'];[0.53856938 0.53856938 0.53856938 0.53856938 0.53856938];2.69284691927723;5;0;0
['bomba', 'shed', 'kenya', 'security', 'expect'];[0.53856938 0.53856938 0.53856938 0.53856938 0.53856938];2.69284691927723;5;0;0
['minecraft', 'minecraft', 'connect', 'render', 'graph'];[0.95672677 2.28831528 0.53856938 0.53856938 0.53856938];3.9040234299994365;5;1;1
['well', 'finish', 'drawing', 'pending', '2021'];[0.47836338 0.53856938 0.47836338 0.53856938 0.41815739];2.4520229227460457;5;1;0
['today', 'worked', 'second', 'environment', 'game'];[0.33856938 0.47836338 0.47836338 0.47836338 0.28281866];0.0;5;1;1
['wave', 'country', 'politician', 'brought', 'never'];[0.53856938 0.44314513 0.53856938 0.53856938 0.47836338];2.537216669200501;5;0;0
['predicting', 'score', 'burkina', 'faso', 'prediction'];[0.53856938 0.53856938 0.53856938 0.53856938 0.53856938];2.69284691927723;5;1;1
['name', 'duo', 'wrong', 'answer'];[0.59795423 0.67321173 0.59795423 0.59795423 0.        ];0.0;4;0;0
['music', 'music', 'magazine', 'january', 'edition'];[0.5401697  0.72945825 0.47836338 0.47836338 0.47836338];2.1645484036906817;5;0;0
['thread', '0', 'cm', 'az', '021'];[0.53856938 0.53856938 0.53856938 0.53856938 0.53856938];2.69284691927723;5;0;0
['present', 'bhakts', 'destroying', 'harmony', 'progress'];[0.53856938 0.53856938 0.53856938 0.53856938 0.53856938];2.69284691927723;5;0;0
['song', 'got', 'feeling', 'like'];[0.4346511  0.49846923 0.67321173 0.4346511  0.        ];0.0;4;0;0
['let', 'u', 'dress', 'baggy', 'na'];[0.41815739 0.33856938 0.41815739 0.53856938 0.53856938];0.0;5;0;0
['appreciate', 'local', 'farmer', 'never', 'happens'];[0.53856938 0.53856938 0.53856938 0.47836338 0.47836338];2.572434921011638;5;1;1
['thesis', 'titled', 'interwar', 'bucharest', '2023'];[0.53856938 0.53856938 0.53856938 0.53856938 0.53856938];2.69284691927723;5;0;0
['grinding', 'home', 'studio', 'coming', 'month'];[0.53856938 0.41815739 0.44314513 0.38293913 0.47836338];2.2611744208581803;5;0;0
['pablo', 'mari', 'weighing', 'brazil', 'return'];[0.53856938 0.53856938 0.53856938 0.53856938 0.47836338];2.632640920144434;5;0;0
['could', 'believe', 'artwork', 'show', 'everywhere'];[0.47836338 0.44314513 0.53856938 0.44314513 0.47836338];2.3815864191237726;5;0;0
['rooftop', 'pizza', 'cooool', 'else', 'wish'];[0.53856938 0.53856938 0.53856938 0.47836338 0.47836338];2.572434921011638;5;0;0
['collectable', 'quest', 'significantly', 'contributed', 'time'];[0.53856938 0.53856938 0.53856938 0.53856938 0.34772088];2.5019984173893652;5;1;1
['streaming', 'royalty', 'dispute', 'domino', 'matter'];[0.53856938 0.53856938 0.53856938 0.53856938 0.53856938];2.69284691927723;5;0;0
['review', 'strategy', 'revenue', 'growth', 'press'];[0.53856938 0.53856938 0.53856938 0.53856938 0.53856938];2.69284691927723;5;0;0
['aw', '22', 'forget', 'pray', 'liberia'];[0.53856938 0.53856938 0.53856938 0.53856938 0.53856938];2.69284691927723;5;0;0
['page', 'single', 'mention', 'missing', 'something'];[0.47836338 0.47836338 0.53856938 0.47836338 0.47836338];2.4520229227460453;5;0;0
['snippet', 'gameplay', 'footage', 'tonight', 'playtest'];[0.53856938 0.53856938 0.53856938 0.44314513 0.53856938];0.0;5;1;1
['film', 'history', 'history', 'film', 'episode'];[0.95672677 0.95672677 2.28831528 2.28831528 0.47836338];5.054993941588847;5;1;1
['furious', 'discover', 'hurling', 'fastest', 'grass'];[0.47836338 0.47836338 0.53856938 0.47836338 0.53856938];2.5122289218788416;5;0;0
['took', 'photo', 'hoping', 'shit', 'productive'];[0.53856938 0.53856938 0.53856938 0.53856938 0.53856938];2.69284691927723;5;0;0
['election', 'united', 'kingdom', 'tomorrow', 'would'];[0.53856938 0.53856938 0.53856938 0.53856938 0.53856938];2.69284691927723;5;0;0
['working', 'home', 'baby', 'actually', 'write'];[0.47836338 0.41815739 0.53856938 0.47836338 0.53856938];2.4520229227460453;5;0;0
['got', 'p', 'p', 'game', 'p'];[ 0.39877538  1.61570815  4.35085472  0.2924796  11.71618572];12.407440707224907;5;1;1
['birmingham', 'barclaysfawsl', 'broadcast', 'sky', 'kick'];[0.53856938 0.53856938 0.53856938 0.53856938 0.53856938];2.69284691927723;5;0;0
['game', 'k', 'game', 'distract', 'needed'];[0.59549077 0.53856938 0.88652316 0.53856938 0.53856938];2.5022313082950802;5;1;1
['purse', 'purse', 'odm', 'order', 'welcome'];[1.07713877 2.90056981 0.53856938 0.53856938 0.53856938];4.516277963830686;5;0;0
['seeing', 'send', 'dm', 'across', 'let'];[0.53856938 0.47836338 0.47836338 0.47836338 0.41815739];2.3918169236132494;5;0;0
['agent', 'refusing', 'answer', 'club', 'offer'];[0.53856938 0.53856938 0.47836338 0.47836338 0.53856938];2.572434921011638;5;0;0
['poland', '5000', '10000', 'running', 'tram'];[0.53856938 0.53856938 0.53856938 0.53856938 0.53856938];2.69284691927723;5;0;0
['stronger', 'knife', 'kill', 'kill', 'twice'];[0.53856938 0.53856938 1.07713877 2.90056981 0.53856938];4.516277963830686;5;0;0
['wearing', 'make', 'wearing', 'personally', 'make'];[1.07713877 0.69544176 2.90056981 0.53856938 1.20909812];4.648237313682918;5;0;0
['one', 'one', 'one', 'one', 'leading'];[1.39088353 2.41819624 4.20428664 7.30959129 0.53856938];7.8481606733289;5;0;0
['kickstarter', 'news', 'update', 'demonstration', 'arclands'];[0.53856938 0.47836338 0.47836338 0.53856938 0.53856938];2.572434921011638;5;1;1
['yeartwo', 'enjoyed', 'creating', 'titanic', 'kid'];[0.53856938 0.53856938 0.53856938 0.53856938 0.53856938];2.69284691927723;5;0;0
['miss', 'year', 'whole', 'year', 'burn'];[0.53856938 0.73909955 0.53856938 1.36567037 0.53856938];2.9813785198933678;5;1;1
['team', 'battle', 'gold', 'starting', 'drumming'];[0.53856938 0.53856938 0.53856938 0.53856938 0.53856938];2.69284691927723;5;0;0
['gm', '2earn', 'music2', 'earn', 'musicy'];[0.53856938 0.53856938 0.53856938 0.53856938 0.53856938];2.69284691927723;5;0;0
['bring', 'highest', 'level', 'shortest', 'possible'];[0.53856938 0.53856938 0.53856938 0.53856938 0.53856938];2.69284691927723;5;0;0
['discarded', 'cast', 'projected', 'bad', '1950'];[0.53856938 0.53856938 0.53856938 0.53856938 0.53856938];2.69284691927723;5;0;0
['line', 'politics', 'politics', 'politics', 'line'];[0.95672677 1.19632615 2.38532709 4.75604862 2.28831528];7.0443639000834635;5;0;0
['hall', 'fame', 'fiawec', 'hall', 'fame'];[0.95672677 1.07713877 0.53856938 2.28831528 2.90056981];5.727454474552893;5;0;0
['severn', 'class', 'great', 'pe', 'afternoon'];[0.53856938 0.47836338 0.44314513 0.53856938 0.53856938];2.5372166692005016;5;0;0
['heavy', 'camera', 'mostly', 'seems', 'winner'];[0.53856938 0.53856938 0.53856938 0.53856938 0.53856938];2.69284691927723;5;0;0
['fun', 'interesting', 'pop', 'star', 'episode'];[0.53856938 0.53856938 0.53856938 0.53856938 0.47836338];2.632640920144434;5;0;0
['going', 'asking', 'friend'];[0.79727231 0.89761564 0.73857522 0.         0.        ];0.0;3;0;0
['silk', 'mask', 'finest', 'breathable', 'gift'];[0.53856938 0.53856938 0.53856938 0.53856938 0.53856938];2.69284691927723;5;0;0
['2', 'year', 'day', 'live', '1983'];[0.38293913 0.36954978 0.38293913 0.47836338 0.53856938];2.152360811988125;5;0;0
['play', 'play', 'play', 'play', 'piano'];[ 1.59510153  3.18043612  6.34139816 12.6439674   0.47836338];13.122330788784822;5;0;0
['music', 'art', 'nigh', 'tear', 'memory'];[0.2924796  0.44314513 0.53856938 0.47836338 0.47836338];0.0;5;0;0
['lol', 'unemployed', 'series', 'flute', 'enjoy'];[0.53856938 0.53856938 0.53856938 0.53856938 0.53856938];2.69284691927723;5;0;0
['salah', 'auba', 'win', 'afcon', 'golden'];[0.53856938 0.53856938 0.47836338 0.53856938 0.53856938];2.632640920144434;5;0;0
['envied', 'console', 'able', 'axe', 'fly'];[0.53856938 0.53856938 0.53856938 0.53856938 0.53856938];2.69284691927723;5;1;1
['priority', 'eta', 'public', 'policy', 'agenda'];[0.53856938 0.53856938 0.53856938 0.53856938 0.53856938];2.69284691927723;5;0;0
['rebooted', 'rebooted', 'died', 'got', 'rebooted'];[ 1.61570815  4.35085472  0.53856938  0.39877538 11.71618572];12.653530491500563;5;1;1
['ust', 'vibing', 'nier', 'automaton', 'sound'];[0.53856938 0.53856938 0.53856938 0.53856938 0.47836338];2.632640920144434;5;1;0
['haitian', 'hnp', 'custody', 'orlando', 'w'];[0.53856938 0.53856938 0.53856938 0.53856938 0.53856938];2.69284691927723;5;0;0
['played', 'hit', 'going', 'bigger', 'number'];[0.53856938 0.47836338 0.47836338 0.53856938 0.53856938];2.572434921011638;5;0;0
['game', 'inspiration', 'could', 'summed', '4'];[0.31578071 0.53856938 0.47836338 0.53856938 0.53856938];0.0;5;1;1
['new', 'shoulder', 'new', 'catching', 'axis'];[0.71590277 0.53856938 1.28129195 0.53856938 0.53856938];2.8970001022316336;5;1;0
['israel', 'israel', 'anti', 'jewish', 'do'];[1.07713877 2.90056981 0.53856938 0.53856938 0.53856938];4.516277963830686;5;0;0
['mirror', 'williams', 'brother', '2006', 'sealed'];[0.53856938 0.53856938 0.53856938 0.53856938 0.53856938];2.69284691927723;5;0;0
['cuomo', 'resigns', 'reflect', 'accomplishment', 'covid'];[0.53856938 0.53856938 0.53856938 0.53856938 0.44314513];2.597422668333298;5;0;0
['favorite', 'accessory'];[1.19590846 1.19590846 0.         0.         0.        ];0.0;2;0;0
['1975', 'kmart', 'football', 'sleepshirts'];[0.59795423 0.67321173 0.67321173 0.67321173 0.        ];0.0;4;0;0
['sometimes', 'end', 'day', 'piano', 'classroom'];[0.47836338 0.47836338 0.38293913 0.47836338 0.53856938];2.356598671802113;5;0;0
['shot', 'swimmer', 'surface', 'tension', 'broken'];[0.53856938 0.53856938 0.53856938 0.53856938 0.53856938];2.69284691927723;5;0;0
['know', 'esperanza', 'spalding'];[0.79727231 0.89761564 0.89761564 0.         0.        ];0.0;3;0;0
['addressed', 'sporting', 'event', 'punished', 'right'];[0.53856938 0.53856938 0.53856938 0.53856938 0.53856938];2.69284691927723;5;0;0
['ronaldo', 'defender', 'ronaldo', 'defender', 'precision'];[0.95672677 1.07713877 2.28831528 2.90056981 0.53856938];5.727454474552893;5;0;0
['dolce', 'gabbana', 'piece', 'brings', 'metaverse'];[0.53856938 0.53856938 0.53856938 0.53856938 0.53856938];2.69284691927723;5;0;0
['mwizi', 'mwizi', 'kenyan', 'dealer', 'governor'];[1.07713877 2.90056981 0.53856938 0.53856938 0.53856938];4.516277963830686;5;0;0
['notice', 'spokespeople', 'consistent', 'wind', 'blow'];[0.53856938 0.53856938 0.47836338 0.53856938 0.53856938];2.632640920144434;5;0;0
['network', 'mustttt', 'followww', 'continues', 'heat'];[0.53856938 0.53856938 0.53856938 0.53856938 0.53856938];2.69284691927723;5;0;0
['like', 'outfit'];[0.99693846 1.10786283 0.         0.         0.        ];0.0;2;0;0
['woman', 'double', 'layer', 'short'];[0.55393142 0.67321173 0.67321173 0.67321173 0.        ];0.0;4;0;0
['cristiano', 'evolution', 'tell', 'throughout', 'career'];[0.53856938 0.53856938 0.53856938 0.53856938 0.53856938];2.69284691927723;5;0;0
['record', 'something', 'new'];[0.79727231 0.79727231 0.61591629 0.         0.        ];0.0;3;0;0
['added', 'environment', 'footstep', 'sound', 'effect'];[0.53856938 0.47836338 0.53856938 0.47836338 0.47836338];0.0;5;1;1
['republican', 'sponsor', 'republican', 'gubernatorial', 'senatorial'];[1.07713877 0.53856938 2.90056981 0.53856938 0.53856938];4.516277963830686;5;0;0
['oh', 'cool', 'fashion', 'angel', 'life'];[0.47836338 0.41815739 0.35795139 0.47836338 0.41815739];0.0;5;0;0
['physic', 'done', 'bone', 'subsequent', 'rig'];[0.53856938 0.53856938 0.53856938 0.53856938 0.53856938];2.69284691927723;5;1;1
['ash', 'cricket', 'beer', 'reminisce', 'cricket'];[0.53856938 1.07713877 0.53856938 0.53856938 2.90056981];4.516277963830686;5;0;0
['season', 'season', 'fashion', 'ease', 'ease'];[0.95672677 2.28831528 0.35795139 1.07713877 2.90056981];5.546836477154503;5;0;0
['little', 'connexion', 'body'];[0.73857522 0.89761564 0.89761564 0.         0.        ];0.0;3;0;0
['discover', 'eden', 'hazard'];[0.79727231 0.89761564 0.89761564 0.         0.        ];0.0;3;0;0
['australian', 'face', 'million', 'australian', 'profit'];[1.07713877 0.53856938 0.53856938 2.90056981 0.53856938];4.516277963830686;5;0;0
['distant', 'past', 'used', 'fortune', 'teller'];[0.53856938 0.53856938 0.53856938 0.53856938 0.53856938];2.69284691927723;5;1;1
['greeting', 'sport', 'industry', 'award'];[0.67321173 0.49846923 0.59795423 0.67321173 0.        ];0.0;4;0;0
['ad', 'meme', 'meme', 'ad', 'stream'];[0.95672677 1.07713877 2.90056981 2.28831528 0.53856938];5.727454474552893;5;1;1
['rk', '800', 'detroit', 'become', 'human'];[0.53856938 0.53856938 0.53856938 0.53856938 0.53856938];2.69284691927723;5;1;1
['disregard', 'constitution', 'fringe', 'mainstreamed', 'aggressively'];[0.53856938 0.53856938 0.53856938 0.53856938 0.53856938];2.69284691927723;5;0;0
['controller', 'controller', 'larger', 'controller', '90'];[ 1.61570815  4.35085472  0.53856938 11.71618572  0.53856938];12.793324492367766;5;1;1
['duty', 'glimpse', 'boy', 'resistance', 'hill'];[0.53856938 0.53856938 0.53856938 0.53856938 0.53856938];2.69284691927723;5;0;0
['featuring', 'tammy', 'wynette', 'justified', 'ancient'];[0.53856938 0.53856938 0.53856938 0.53856938 0.53856938];2.69284691927723;5;0;0
['casino', 'chip', 'acrylic', 'display', 'casino'];[1.07713877 0.53856938 0.53856938 0.53856938 2.90056981];4.516277963830686;5;1;0
['opportunity', 'bag', 'blocsport', '1', 'token'];[0.47836338 0.47836338 0.53856938 0.47836338 0.47836338];2.4520229227460453;5;0;0
['call', 'smart', 'watch', '910', 'buy'];[0.53856938 0.53856938 0.53856938 0.47836338 0.47836338];2.572434921011638;5;0;0
['trying', 'figure', 'play', 'dang', 'thing'];[0.44314513 0.53856938 0.39877538 0.53856938 0.47836338];0.0;5;0;0
['power', 'nothing', 'peace', 'back', 'really'];[0.53856938 0.53856938 0.53856938 0.47836338 0.47836338];2.572434921011638;5;0;0
['finally', 'finished', 'fm', '7', 'goo'];[0.53856938 0.47836338 0.53856938 0.47836338 0.53856938];2.572434921011638;5;1;1
['cosplay', 'professional', 'le', 'idk', 'jankey'];[0.53856938 0.53856938 0.53856938 0.53856938 0.53856938];2.69284691927723;5;0;1
['supported', 'u', 'joined', 'u', 'journey'];[0.53856938 0.76587827 0.53856938 1.4664238  0.53856938];3.082131953358281;5;0;0
['oriented', 'leadership', 'sneak', 'peek', 'store'];[0.53856938 0.53856938 0.53856938 0.53856938 0.53856938];2.69284691927723;5;0;0
['india', 'india', 'female', 'prime', 'minister'];[1.07713877 2.90056981 0.53856938 0.53856938 0.53856938];4.516277963830686;5;0;0
['today', 'today', 'important', 'mental', 'health'];[0.83631477 1.74855599 0.53856938 0.53856938 0.53856938];3.3642641427997524;5;0;0
['december', 'early', 'december', 'fall', 'december'];[ 1.61570815  0.44314513  4.35085472  0.53856938 11.71618572];12.697900241423834;5;0;0
['soo', 'beautiful', 'dress'];[0.89761564 0.79727231 0.69692898 0.         0.        ];0.0;3;0;0
['sarah', 'claim', 'title', 'immense', 'respect'];[0.53856938 0.53856938 0.53856938 0.53856938 0.53856938];2.69284691927723;5;0;0
['art', 'art', 'art', 'serf', 'adorn'];[1.43509015 3.43247292 8.20984681 0.53856938 0.53856938];9.286985581989464;5;0;0
['compensate', 'indigenous', 'child', 'taken', 'family'];[0.53856938 0.53856938 0.53856938 0.53856938 0.53856938];2.69284691927723;5;0;0
['2', '2', 'work', 'work', 'x'];[0.95672677 2.28831528 0.83631477 1.74855599 0.53856938];4.575440653521959;5;1;1
