TokenizedText;TF-IDF;TF-IDF sum;Words quantity;TF-IDF mean;Label;True Label
['release', 'release', 'applemusic', 'buddy', 'graysparkaudio'];[0.83631477 1.74855599 0.53856938 0.53856938 0.53856938];2.6429190726468175;20;0.8401157827958919;0;0
['africa', 'champion', 'league', 'scorer', 'performer'];[0.44314513 0.44314513 0.47836338 0.53856938 0.53856938];2.3539429600294053;6;0.4883584836513138;1;1
['commentary', 'soccer', 'v', 'men', 'soccer'];[0.53856938 1.07713877 0.47836338 0.39877538 2.90056981];3.8450194592957887;6;1.0786833463083156;1;1
['rebooted', 'rebooted', 'died', 'got', 'rebooted'];[ 1.61570815  4.35085472  0.44314513  0.33029085 11.71618572];36.97252080794438;25;3.6912369148710096;0;0
['believe', 'time', 'drawing', 'tawna', 'crash'];[0.41815739 0.27836338 0.41815739 0.53856938 0.53856938];2.0483672835543136;6;0.4383633847226498;0;0
['rock', 'roll', 'win'];[0.61591629 0.73857522 0.63823189 0.         0.        ];1.9927234042380422;3;0.6642411347460141;0;0
['find', 'latest', 'chanel', 'brand', 'saving'];[0.41815739 0.44314513 0.53856938 0.44314513 0.53856938];2.200473167704009;9;0.4763172838247545;0;0
['snippet', 'gameplay', 'footage', 'tonight', 'playtest'];[0.53856938 0.47836338 0.47836338 0.39877538 0.53856938];2.432640920144434;5;0.4865281840288868;0;0
['resolution', 'goal', 'let', 'know', 'comment'];[0.44314513 0.44314513 0.33029085 0.2924796  0.38293913];1.7318655922924755;7;0.37839996920106733;1;1
['burned', '482', 'billion', 'ryoshis', 'vision'];[0.53856938 0.53856938 0.47836338 0.53856938 0.53856938];2.4303006011375348;8;0.5265281840288868;0;0
['fastest', '100', 'meter', 'para', 'skater'];[0.44314513 0.44314513 0.53856938 0.53856938 0.53856938];2.3832915032053523;6;0.500399683477873;1;1
['effort', 'representative', 'oriented', 'sneak', 'peek'];[0.53856938 0.53856938 0.53856938 0.53856938 0.53856938];2.140868615433566;18;0.5385693838554461;0;0
['custom', 'hoodies'];[1.04539346 1.19590846 0.         0.         0.        ];2.2413019257812583;2;1.1206509628906292;0;0
['good', 'song'];[0.82572712 0.80683284 0.         0.         0.        ];1.6325599536743052;2;0.8162799768371526;0;0
['positive', 'thought', 'silent', 'prayer', 'change'];[0.44314513 0.47836338 0.53856938 0.53856938 0.39877538];2.2019665411285505;7;0.47948453366665955;0;0
['wagon', 'step', 'inside', 'roomy', 'tardis'];[0.53856938 0.53856938 0.53856938 0.53856938 0.53856938];2.276252124666951;21;0.5385693838554461;0;0
['favorite', 'sport', 'model', 'elisarose', 'sg'];[0.47836338 0.28281866 0.41815739 0.53856938 0.53856938];2.2564782016882754;5;0.4512956403376551;1;0
['pablo', 'mari', 'weighing', 'brazil', 'return'];[0.53856938 0.53856938 0.53856938 0.53856938 0.47836338];2.5135222756910434;7;0.5265281840288868;1;1
['fifth', 'damn', 'guy', 'im', 'em'];[0.53856938 0.53856938 0.53856938 0.47836338 0.47836338];2.1817314257632963;10;0.5144869842023275;0;0
['training', 'mauritius', 'academy', 'sport'];[0.59795423 0.67321173 0.52269673 0.35352333 0.        ];2.147386022291037;4;0.5368465055727593;1;1
['chilly', 'outside', 'cozy', 'comfy', 'hoodies'];[0.53856938 0.53856938 0.53856938 0.53856938 0.47836338];2.1869466763200296;11;0.5265281840288868;0;0
['photographer', 'pink', 'calm', 'liar', 'tote'];[0.53856938 0.53856938 0.53856938 0.53856938 0.53856938];2.3070242278521134;13;0.5385693838554461;0;0
['involving', 'dj', '0kovic', 'dj0', 'kovic'];[0.53856938 0.53856938 0.53856938 0.53856938 0.53856938];2.5532581686029925;14;0.5385693838554461;1;1
['single', 'drop', 'week', '1', '21'];[0.41815739 0.44314513 0.33856938 0.34772088 0.44314513];1.7237111144641053;8;0.39814758344718154;0;0
['web', 'network', 'mustttt', 'followww', 'heat'];[0.53856938 0.53856938 0.53856938 0.53856938 0.53856938];2.3156257531303535;26;0.5385693838554461;0;0
['giant', 'floral', 'print', 'old', 'wallpaper'];[0.53856938 0.53856938 0.41815739 0.47836338 0.53856938];2.092236094568346;13;0.5024457843757684;0;0
['fps', 'zero', 'effect', 'pretty', 'cool'];[0.53856938 0.53856938 0.44314513 0.41815739 0.36954978];2.1985682574072123;6;0.4615982124129708;0;0
['girlfriend', 'took', 'hoping', 'shit', 'productive'];[0.53856938 0.53856938 0.53856938 0.53856938 0.53856938];2.0630698947069455;15;0.5385693838554461;0;0
['jungkook', 'spotify', 'ohmygod'];[0.89761564 0.79727231 0.89761564 0.         0.        ];2.5925035873892366;3;0.8641678624630788;0;0
['inspirational', 'momentous', 'overcoming', 'adversity', 'meaningful'];[0.53856938 0.53856938 0.53856938 0.53856938 0.53856938];2.3014984536798533;12;0.5385693838554461;1;1
['redemption', 'shirt', 'white', 'also', 'available'];[0.53856938 0.39877538 0.44314513 0.33029085 0.33029085];1.9490141506058873;6;0.4082143186805608;0;0
['haitian', 'hnp', 'custody', 'orlando', 'w'];[0.53856938 0.53856938 0.53856938 0.53856938 0.53856938];2.617589420361235;8;0.5385693838554461;0;0
['discussing', 'plan', 'band', '2022'];[0.67321173 0.67321173 0.67321173 0.3593936  0.        ];2.3790287930014036;4;0.5947571982503509;0;0
['india', 'strongest', 'ferocious', 'impactful', 'india'];[0.76587827 0.53856938 0.53856938 0.53856938 1.4664238 ];2.524956095994518;15;0.7696020441831433;0;0
['tip', 'cosplay', 'professional', 'idk', 'jankey'];[0.53856938 0.47836338 0.47836338 0.53856938 0.53856938];2.2772601800445083;8;0.5144869842023275;0;0
['th', 'th', 'th', 'th', 'yesmen'];[ 1.91345354  4.57663056 10.94646242 26.18193407  0.53856938];7.630904070924962;23;8.831409993240419;0;0
['simulate', 'deterioration', 'occurs', 'sufferer', 'dementia'];[0.53856938 0.53856938 0.53856938 0.53856938 0.53856938];2.533193037409496;19;0.5385693838554461;0;0
['mum', 'duty', 'glimpse', 'resistance', 'hill'];[0.53856938 0.53856938 0.53856938 0.53856938 0.53856938];2.5423319214452396;8;0.5385693838554461;1;1
['veer', 'savarkar', 'veer', 'savarkar', 'agree'];[1.07713877 1.07713877 2.90056981 2.90056981 0.53856938];3.652494033681478;15;1.6987973087611852;0;0
['stoker', 'faster', 'test', 'sprite', 'routine'];[0.53856938 0.53856938 0.53856938 0.53856938 0.53856938];2.5172083632231113;13;0.5385693838554461;0;0
['apple', 'apps', 'tv', 'electroneum', 'etn'];[0.53856938 0.53856938 0.53856938 0.53856938 0.53856938];2.194688050307471;12;0.5385693838554461;0;0
['away', 'away', 'many', 'excuse', 'many'];[0.83631477 1.74855599 0.73909955 0.53856938 1.36567037];2.3440126903364313;26;1.0456420132601574;0;0
['music', 'roll', 'music', 'magazine', 'edition'];[0.49217957 0.44314513 0.60560182 0.44314513 0.41815739];1.854016809288925;9;0.48044580784251467;0;0
['adding', 'fur', 'boot', 'make', 'comfortable'];[0.39877538 0.53856938 0.41815739 0.27836338 0.44314513];2.0770106700677053;5;0.41540213401354104;0;0
['tm', 'unveiling', '260', 'rower', 'consumer'];[0.53856938 0.53856938 0.53856938 0.53856938 0.53856938];2.45858499470234;14;0.5385693838554461;0;1
['clowder', 'debut', 'notification', 'bell', 'clowder'];[1.07713877 0.53856938 0.53856938 0.53856938 2.90056981];2.5457367267708393;24;1.1186833463083157;0;0
['telangana', 'telangana', 'news', 'leo', 'news'];[1.07713877 2.90056981 0.83631477 0.53856938 1.74855599];3.26612150762881;14;1.4202297452487616;0;0
['layout', 'cinematic', 'depth', 'layout', 'breakdown'];[1.07713877 0.53856938 0.53856938 2.90056981 0.53856938];2.772670155870821;18;1.1186833463083157;0;0
['achieves', 'marathon', 'mission', 'accomplished', 'achievement'];[0.53856938 0.53856938 0.53856938 0.53856938 0.53856938];2.2798474934467365;15;0.5385693838554461;1;1
['electric', 'fisker', 'ocean', 'driving', 'wild'];[0.53856938 0.53856938 0.47836338 0.47836338 0.53856938];2.391816923613249;6;0.5144869842023275;1;1
['advice', 'received', 'simple', 'stay', 'consistent'];[0.47836338 0.53856938 0.53856938 0.47836338 0.47836338];2.2762439082637025;9;0.5024457843757684;0;0
['goldfish', 'visualization', 'food', 'algorithm', 'notch'];[0.47836338 0.47836338 0.47836338 0.47836338 0.53856938];2.297917141389443;9;0.4904045845492091;0;0
['denial', 'climate', 'warming', 'visible', 'planet'];[0.53856938 0.53856938 0.53856938 0.53856938 0.53856938];2.3029654410417524;11;0.5385693838554461;0;0
['dad', 'always', 'wanted', 'youtube', 'music'];[0.53856938 0.35795139 0.41815739 0.47836338 0.24608978];2.0391313249006613;5;0.4078262649801323;0;0
['sci', 'shooter', 'unity', '3d', 'unity3'];[0.53856938 0.53856938 0.53856938 0.53856938 0.53856938];2.3258079822239486;15;0.5385693838554461;0;0
['appreciate', 'local', 'farmer', 'something', 'happens'];[0.53856938 0.47836338 0.47836338 0.41815739 0.47836338];2.135664670779476;8;0.47836338472264983;0;0
['sometimes', 'pretend', 'normal', 'boring', 'differently'];[0.41815739 0.53856938 0.53856938 0.47836338 0.53856938];2.070272583356712;10;0.5024457843757684;0;0
['cristiano', 'evolution', 'version', 'throughout', 'career'];[0.53856938 0.53856938 0.47836338 0.53856938 0.47836338];2.298241013238718;10;0.5144869842023275;1;1
['weight', 'recenty', 'suddenly', 'alteration', 'sustainable'];[0.53856938 0.53856938 0.53856938 0.53856938 0.53856938];2.309812456795003;14;0.5385693838554461;0;0
['fast', 'furious'];[1.10786283 1.19590846 0.         0.         0.        ];2.3037712940854083;2;1.1518856470427041;0;1
['area', '51', '2005', 'surveillance', 'familiar'];[0.53856938 0.53856938 0.53856938 0.53856938 0.53856938];2.1796796283706095;11;0.5385693838554461;0;0
['community', 'art', 'photography', 'magazine', 'zine'];[0.41815739 0.35795139 0.53856938 0.44314513 0.53856938];1.90349106591628;11;0.4592785345338633;0;0
['released', 'podcast', 'spotify', 'go', 'check'];[0.44314513 0.47836338 0.47836338 0.31578071 0.32273313];1.9270927294212288;6;0.40767715007936256;1;0
['hochul', 'primary', 'care', 'care', 'commitment'];[0.53856938 0.53856938 0.95672677 2.28831528 0.53856938];2.822728263239241;14;0.9721500398889473;0;0
['affect', 'police', 'sentencing', 'court', 'bill'];[0.53856938 0.53856938 0.53856938 0.53856938 0.53856938];2.4594015441621373;10;0.5385693838554461;0;0
['pic', 'like', 'like', 'pic', 'tho'];[1.07713877 0.63156143 0.99717459 2.90056981 0.53856938];2.5441503400926746;30;1.229002796027115;0;0
['got', 'covered', 'song', 'grooving', 'tonight'];[0.33029085 0.53856938 0.32273313 0.53856938 0.39877538];2.1289381321688565;5;0.4257876264337713;0;0
['susil', 'premajayantha', 'vehicle', 'trying', 'fool'];[0.53856938 0.53856938 0.53856938 0.41815739 0.53856938];2.572434921011638;5;0.5144869842023275;0;0
['yo', 'men', 'look', 'woody', 'harrelson'];[0.53856938 0.39877538 0.39877538 0.53856938 0.53856938];2.0591730989166637;8;0.4826517835085645;0;0
['furniture', 'fashion'];[1.34642346 0.71878721 0.         0.         0.        ];2.065210666725577;2;1.0326053333627885;0;0
['trainer', 'season', 'fleeting', 'moment', 'season'];[0.53856938 0.83631477 0.53856938 0.53856938 1.74855599];2.6663140652221964;16;0.8401157827958919;0;0
['new', 'music', 'coming', 'soon'];[0.26484462 0.30761223 0.42321173 0.55393142 0.        ];1.5495999922276789;4;0.3873999980569197;0;0
['point', 'symbol', 'hundred', 'point', 'symbol'];[0.95672677 1.07713877 0.47836338 2.28831528 2.90056981];3.3604607831245286;25;1.5402228025152576;0;0
['1995', 'green', 'billboard', 'modern', 'chart'];[0.53856938 0.53856938 0.47836338 0.53856938 0.47836338];2.0860275063686973;14;0.5144869842023275;0;0
['leader', 'want', 'leader', 'want', 'pissed'];[0.95672677 0.71590277 2.28831528 1.28129195 0.53856938];2.5091837965107384;18;1.156161231062651;0;0
['wearing', 'make', 'wearing', 'personally', 'make'];[0.79755077 0.56563733 1.59021806 0.53856938 0.79986397];2.4043370308176097;22;0.8583679006215541;0;0
['latest', 'trend', 'amazing', 'palm', 'angel'];[0.44314513 0.44314513 0.44314513 0.53856938 0.44314513];2.146504120317167;9;0.46222998310030006;0;0
['felt', 'embrace', 'warning', 'flag', 'branding'];[0.53856938 0.53856938 0.53856938 0.53856938 0.53856938];2.337908854982296;19;0.5385693838554461;1;1
['birmingham', 'barclaysfawsl', 'broadcast', 'sky', 'kick'];[0.53856938 0.53856938 0.53856938 0.53856938 0.47836338];2.1370340500409584;13;0.5265281840288868;1;1
['opinion', 'piece', 'ted', 'cruz', 'hate'];[0.47836338 0.39877538 0.53856938 0.53856938 0.44314513];1.9120513250164377;12;0.47948453366665955;0;0
['happy', 'femboy', 'friday', 'got', 'shirt'];[0.34772088 0.53856938 0.53856938 0.33029085 0.39877538];1.971501310191704;6;0.4307851758981033;0;0
['congrats', 'congrats', 'englandcricket', 'magical', 'importantly'];[1.07713877 2.90056981 0.53856938 0.53856938 0.53856938];3.544356442421162;10;1.1186833463083157;1;1
['celebrating', 'radical', 'supported', 'u', 'u'];[0.53856938 0.53856938 0.53856938 0.5401697  0.72945825];2.262907149522504;16;0.577067219294216;0;0
['true', 'present', 'bhakts', 'destroying', 'harmony'];[0.53856938 0.53856938 0.53856938 0.53856938 0.53856938];2.2778880624984557;10;0.5385693838554461;0;0
['u', 'party', 'party', 'dialogue', 'u'];[0.5401697  0.71590277 1.28129195 0.53856938 0.72945825];2.4930603375177864;18;0.7610784104679197;0;0
['identity', 'surf', 'board', 'affirm', 'identity'];[0.95672677 0.53856938 0.53856938 0.53856938 2.28831528];2.8322695917793563;15;0.9721500398889473;1;1
['hello', 'little', 'studio', 'friend'];[0.59795423 0.46193722 0.44743923 0.49846923 0.        ];2.00579991252568;4;0.50144997813142;0;0
['rooftop', 'pizza', 'cooool', 'wind', 'wish'];[0.53856938 0.53856938 0.53856938 0.47836338 0.53856938];2.372768455236858;7;0.5265281840288868;0;0
['random', 'brazilian', 'invokes', 'spirit', 'veteran'];[0.53856938 0.53856938 0.53856938 0.53856938 0.53856938];2.371780163888453;11;0.5385693838554461;1;0
['godofwar', 'envied', 'console', 'axe', 'fly'];[0.53856938 0.53856938 0.53856938 0.53856938 0.53856938];2.0903478817172934;18;0.5385693838554461;0;0
['local', 'church', 'donated', 'drum', 'general'];[0.47836338 0.53856938 0.53856938 0.47836338 0.47836338];2.2395985769909506;11;0.5024457843757684;0;0
['sprint', 'sprint', 'et', 'al', 'jscr'];[1.07713877 2.90056981 0.53856938 0.53856938 0.53856938];2.7809175081138666;28;1.1186833463083157;1;1
['destiny', 'xur', 'assumed', 'bungie', 'buff'];[0.53856938 0.53856938 0.53856938 0.53856938 0.53856938];2.3531908246842885;9;0.5385693838554461;0;0
['limit', 'exuberant', 'activity', 'crossing', 'limit'];[1.07713877 0.53856938 0.47836338 0.53856938 2.90056981];5.298997695405784;12;1.1066421464817564;1;1
['first', 'music', 'assembly', 'new', 'year'];[0.28751488 0.25229663 0.53856938 0.21391953 0.28281866];1.5751190871546255;5;0.3150238174309251;0;0
['greeting', 'sport', 'industry', 'award'];[0.67321173 0.37218173 0.59795423 0.67321173 0.        ];2.3165594246972536;4;0.5791398561743134;1;1
['money', 'work', 'money', 'politics', 'money'];[ 1.61570815  0.33029085  4.35085472  0.33029085 11.71618572];4.362046929571451;26;3.6686660576534673;0;0
['thrust', 'cricket', 'beer', 'reminisce', 'cricket'];[0.53856938 1.07713877 0.53856938 0.53856938 2.90056981];3.659964916909189;8;1.1186833463083157;1;1
['certificate', 'implementation', 'code', 'conduct', 'saturday'];[0.53856938 0.53856938 0.53856938 0.53856938 0.53856938];2.3603877095829935;19;0.5385693838554461;0;0
['last', 'night', 'plot', 'twist', 'said'];[0.44314513 0.36954978 0.53856938 0.53856938 0.38293913];2.2727728102537177;5;0.4545545620507435;1;1
['utter', 'disregard', 'fringe', 'mainstreamed', 'aggressively'];[0.53856938 0.53856938 0.53856938 0.53856938 0.53856938];2.4478828102832693;11;0.5385693838554461;0;0
['philippe', 'coutinho', 'golazo'];[0.89761564 0.89761564 0.89761564 0.         0.        ];2.6928469192772297;3;0.8976156397590767;1;1
['csto', 'summit', 'president', 'pm', 'operative'];[0.53856938 0.53856938 0.44314513 0.44314513 0.53856938];2.307903319429577;7;0.500399683477873;0;0
['freebie', 'honest', 'tax', 'payer', 'freebie'];[1.07713877 0.44314513 0.47836338 0.53856938 2.90056981];3.989367887648906;19;1.0875572962929698;0;0
['usa', 'improving', 'young', 'santa', 'clara'];[0.53856938 0.53856938 0.47836338 0.47836338 0.53856938];2.277164214668815;13;0.5144869842023275;0;0
['seen', 'video'];[1.10786283 0.99693846 0.         0.         0.        ];2.1048012897493895;2;1.0524006448746948;0;0
['day', 'km', 'day', 'km', '03'];[0.55672677 1.07713877 0.77486174 2.90056981 0.53856938];3.094812983909054;13;1.169573294563697;1;1
['orthodox', 'woman', 'orthodox', 'woman', 'instagram'];[1.07713877 0.64546627 2.90056981 1.04156676 0.53856938];2.6620270459476942;23;1.24066219902127;0;0
['039', '039', 'pharmacy', '039', 'viability'];[1.43509015 3.43247292 0.53856938 8.20984681 0.53856938];4.309448014459224;19;2.8309097307614124;0;0
['ep', 'memory', 'february', '7', 'track'];[0.53856938 0.47836338 0.47836338 0.39877538 0.41815739];2.046227022507252;7;0.46244578437576833;0;0
['chairman', 'chairman', 'member', 'acting', 'vote'];[1.07713877 2.90056981 0.47836338 0.47836338 0.41815739];4.24124130704318;14;1.0705185470020786;0;0
['many', 'ocean', 'many', 'ocean', 'emotional'];[0.76587827 0.95672677 1.4664238  2.28831528 0.53856938];2.711886954410944;22;1.2031827002166444;1;1
['love', 'playing', 'retro', 'break', 'session'];[0.30934378 0.31578071 0.53856938 0.47836338 0.44314513];1.835551873624378;7;0.4170404783206973;0;0
['wardrobe', 'complete', 'without', 'replica', 'aaa'];[0.44314513 0.47836338 0.53856938 0.41815739 0.53856938];2.2529638841275688;7;0.4833609341869818;0;0
['recording', 'lookout', 'missed', 'wherever', 'podcasts'];[0.47836338 0.53856938 0.47836338 0.53856938 0.53856938];2.093204488976655;13;0.5144869842023275;0;0
['available', 'everywhere', 'dm', 'cd', 'version'];[0.35795139 0.47836338 0.41815739 0.41815739 0.47836338];2.150992927082064;5;0.4301985854164128;0;0
['australian', 'vaccinated', 'slap', 'australian', 'profit'];[1.07713877 0.53856938 0.53856938 2.90056981 0.53856938];2.8704337221682104;16;1.1186833463083157;1;1
['purse', 'purse', 'oem', 'odm', 'welcome'];[1.07713877 2.90056981 0.53856938 0.53856938 0.53856938];3.1874116217841895;16;1.1186833463083157;0;0
['thesis', 'titled', 'interwar', 'bucharest', '2023'];[0.53856938 0.53856938 0.53856938 0.53856938 0.53856938];2.2238062983065685;19;0.5385693838554461;0;0
['excited'];[2.09078693 0.         0.         0.         0.        ];2.0907869279492677;1;2.0907869279492677;1;1
['physiotherapist', 'formally', 'becoming', 'unsupported', 'trek'];[0.53856938 0.53856938 0.53856938 0.53856938 0.53856938];2.3847225811268533;30;0.5385693838554461;1;0
['hall', 'fame', 'fiawec', 'hall', 'fame'];[0.95672677 1.07713877 0.53856938 2.28831528 2.90056981];3.369877819628005;17;1.5522640023418168;1;1
['airtime', 'predicting', 'score', 'burkina', 'faso'];[0.53856938 0.53856938 0.53856938 0.53856938 0.53856938];2.2059064583063153;17;0.5385693838554461;0;0
['sometimes', 'need', 'end', 'piano', 'classroom'];[0.41815739 0.30335113 0.38293913 0.47836338 0.53856938];2.0034992363798803;6;0.42427608399819533;0;0
['follow', 'collection', '2020'];[0.66462564 0.69692898 0.89761564 0.         0.        ];2.2591702540559027;3;0.7530567513519676;0;0
['favorite', 'accessory'];[1.19590846 1.04539346 0.         0.         0.        ];2.2413019257812583;2;1.1206509628906292;0;0
['actually', 'take', 'village', 'actually', 'village'];[0.88629027 0.41815739 1.07713877 1.96377609 2.90056981];3.1778910692991356;22;1.44918646392395;0;0
['examines', 'resulted', 'setting', 'illegal', 'immigration'];[0.53856938 0.53856938 0.53856938 0.53856938 0.53856938];2.352926624607721;13;0.5385693838554461;0;0
['develop', 'exercise', 'habit', 'achieve', 'physical'];[0.53856938 0.53856938 0.53856938 0.53856938 0.53856938];2.350570305086104;16;0.5385693838554461;0;1
['bracelet', 'pewter', 'thread', 'az', '021'];[0.53856938 0.53856938 0.53856938 0.53856938 0.53856938];2.4159091866696167;10;0.5385693838554461;0;0
['testing', 'buggy', 'runestone', 'restoration', 'portal'];[0.53856938 0.53856938 0.53856938 0.53856938 0.47836338];2.330274528324655;10;0.5265281840288868;0;0
['played', 'hit', 'bigger', 'number', 'soon'];[0.47836338 0.47836338 0.47836338 0.41815739 0.44314513];1.979059395844719;8;0.4592785345338633;1;1
['wimbledon', 'still', 'nba', 'final', 'tonight'];[0.53856938 0.53856938 0.53856938 0.44314513 0.39877538];2.245973379714632;6;0.4915257334932188;1;1
['ensure', 'continue', 'hardship', 'resource', 'purple'];[0.53856938 0.53856938 0.53856938 0.47836338 0.53856938];2.096131691188209;25;0.5265281840288868;0;0
['weapon', 'ups', 'animal', 'interactables', 'capable'];[0.53856938 0.53856938 0.53856938 0.53856938 0.53856938];2.3689523041881353;19;0.5385693838554461;0;0
['wow', 'perfect', 'swimmer', 'surface', 'tension'];[0.53856938 0.53856938 0.53856938 0.53856938 0.53856938];2.606838349087521;7;0.5385693838554461;1;1
['samajwadi', 'removal', 'officer', 'alleging', 'worker'];[0.53856938 0.53856938 0.53856938 0.53856938 0.47836338];2.360912554368308;11;0.5265281840288868;0;0
['cannot', 'rock', 'full', 'show', 'link'];[0.38293913 0.38293913 0.41815739 0.38293913 0.44314513];1.9732920210491647;7;0.4020239839675038;0;0
['list', 'debate'];[1.34642346 1.19590846 0.         0.         0.        ];2.5423319214452396;2;1.2711659607226198;1;1
['tag', 'artist', 'think', 'slept', 'comment'];[0.47836338 0.47836338 0.33856938 0.53856938 0.39877538];2.232640920144434;5;0.4465281840288868;0;0
['coin', 'belly', 'waist', 'hip', 'bellydance'];[0.53856938 0.53856938 0.53856938 0.53856938 0.53856938];2.3653946889652633;14;0.5385693838554461;0;0
['casteist', 'discarded', 'projected', 'bad', '1950'];[0.53856938 0.53856938 0.53856938 0.53856938 0.53856938];2.4940288370745924;15;0.5385693838554461;0;0
['258', 'minecraft', 'parrot', 'basking', 'sunlight'];[0.53856938 0.47836338 0.53856938 0.53856938 0.53856938];2.2754260083029947;9;0.5265281840288868;0;0
['guess', 'song', 'hope', 'understand', 'song'];[0.47836338 0.66058169 0.41815739 0.47836338 1.09092043];2.465804589990989;5;0.6252772567277183;0;0
['determined', 'make', 'happy'];[0.89761564 0.47919147 0.59658564 0.         0.        ];1.97339275524548;3;0.6577975850818267;0;0
['american', 'humorous', 'satire', 'american', 'society'];[0.95672677 0.53856938 0.53856938 2.28831528 0.53856938];2.975686074950044;12;0.9721500398889473;0;0
['collectable', 'quest', 'significantly', 'contributed', 'time'];[0.53856938 0.53856938 0.53856938 0.53856938 0.27836338];2.227448304360854;6;0.4865281840288868;0;0
['weekend', 'studio', 'styling', 'studio', 'shopping'];[0.47836338 0.71590277 0.53856938 1.28129195 0.53856938];2.470663137015965;11;0.7105393752025905;0;0
['regardless', 'bloke', 'given', 'knighthood', 'joke'];[0.47836338 0.53856938 0.53856938 0.53856938 0.53856938];2.3649407579774926;8;0.5265281840288868;0;0
['overcoat', 'breasted', 'button', 'welt', 'pocket'];[0.53856938 0.53856938 0.47836338 0.53856938 0.53856938];2.4818295971744213;7;0.5265281840288868;0;0
['woman', 'double', 'layer', 'short'];[0.42321173 0.59795423 0.67321173 0.59795423 0.        ];2.2923319214452396;4;0.5730829803613099;1;0
['good', 'morning', 'hope', 'wonderful', 'week'];[0.34772088 0.47836338 0.41815739 0.53856938 0.36954978];2.152360811988125;5;0.43047216239762504;0;0
['notice', 'spokespeople', 'consistent', 'wind', 'blow'];[0.53856938 0.53856938 0.47836338 0.47836338 0.47836338];2.425264700909247;9;0.5024457843757684;0;0
['regarding', 'scene', 'source', 'scene', 'brighter'];[0.53856938 1.07713877 0.47836338 2.90056981 0.53856938];3.107866694495634;11;1.1066421464817564;0;0
['make', 'world', 'beautiful'];[0.487466   0.56428231 0.63823189 0.         0.        ];1.6899801953565907;3;0.5633267317855302;0;0
['design', 'design', 'outfit', 'fashion', 'outfit'];[0.95672677 2.28831528 0.83631477 0.29774539 1.74855599];2.8460372181395783;23;1.2255316395231561;0;0
['violent', 'insurrection', 'three', 'protect', 'information'];[0.53856938 0.53856938 0.53856938 0.53856938 0.53856938];2.220325528348961;19;0.5385693838554461;0;0
['non', 'fitness', 'gizfit', '910', 'buy'];[0.47836338 0.47836338 0.47836338 0.47836338 0.47836338];2.0403014193508664;13;0.47836338472264983;0;0
['example', 'adapted', 'addressed', 'event', 'punished'];[0.53856938 0.53856938 0.53856938 0.53856938 0.53856938];2.2752622503524957;21;0.5385693838554461;1;1
['fancy', 'jester', 'inspired', 'venetian', 'carnival'];[0.53856938 0.53856938 0.53856938 0.53856938 0.53856938];2.6426752533332336;6;0.5385693838554461;0;0
['class', 'session'];[0.99693846 1.19590846 0.         0.         0.        ];2.19284691927723;2;1.096423459638615;1;1
['hear', 'idea', 'film', 'form', 'fiction'];[0.53856938 0.44314513 0.47836338 0.53856938 0.53856938];2.140482936084107;9;0.5074433338401003;0;0
['cry', 'cry', 'cramping'];[1.79523128 4.83428302 0.89761564 0.         0.        ];5.731898660199656;3;2.5090433132392698;1;1
['beginning', 'olympics', 'fifty', 'page', 'newspaper'];[0.47836338 0.47836338 0.53856938 0.47836338 0.53856938];2.113948964128332;11;0.5024457843757684;1;1
['mem', 'arb', 'furiendly', 'pit', 'raised'];[0.53856938 0.53856938 0.53856938 0.53856938 0.53856938];2.47108778199665;24;0.5385693838554461;0;0
['clothing', 'type', 'donut', 'clothing', 'item'];[0.88629027 0.53856938 0.53856938 1.96377609 0.53856938];2.493527843168911;19;0.893154901124199;0;0
['inclusive', 'kind', 'build', 'diverse', 'necessary'];[0.53856938 0.53856938 0.53856938 0.53856938 0.53856938];2.3555191329640808;16;0.5385693838554461;0;0
['look', 'bit', 'naughty', 'cryptobiote', 'stranding'];[0.41815739 0.44314513 0.53856938 0.53856938 0.53856938];2.1916752514764952;9;0.49540213401354105;0;0
['stuns', 'vintage', 'valentino', 'gown', 'euphoria'];[0.53856938 0.53856938 0.53856938 0.53856938 0.53856938];2.484928794672468;10;0.5385693838554461;0;0
['nation', 'collectively', 'pose', 'nation', 'taiwan'];[0.79755077 0.53856938 0.53856938 1.59021806 0.53856938];2.5046279320089035;18;0.8006953956634031;1;1
['time', 'top', 'famous', 'male', 'model'];[0.27836338 0.47836338 0.53856938 0.47836338 0.47836338];2.252022922746045;5;0.45040458454920906;0;0
['2017', 'smokepatch', 'amistosos', 'lazio', 'atalanta'];[0.53856938 0.53856938 0.53856938 0.53856938 0.53856938];2.4045642119639603;12;0.5385693838554461;0;0
['soo', 'beautiful', 'dress'];[0.89761564 0.63823189 0.63823189 0.         0.        ];2.174079419021467;3;0.7246931396738224;0;0
['finished', 'video', 'virus', 'offensive', 'soon'];[0.47836338 0.39877538 0.47836338 0.53856938 0.44314513];2.000427438835553;9;0.4674433338401003;0;0
['enjoying', 'night', 'drive'];[0.89761564 0.61591629 0.89761564 0.         0.        ];2.4111475726058114;3;0.8037158575352703;1;0
['dunnit', 'u', 'u', 'im', 'doin'];[0.53856938 0.54825105 0.75144803 0.47836338 0.53856938];2.195937967661987;12;0.5710402472630723;0;0
['time', 'time', 'contestant', 'innovate', 'creative'];[0.56563733 0.79986397 0.53856938 0.53856938 0.53856938];2.337525217405017;20;0.596241888813597;0;0
['know', 'esperanza', 'spalding'];[0.5795348  0.89761564 0.89761564 0.         0.        ];2.3747660827974553;3;0.7915886942658183;0;0
['react', 'real', 'encounter', 'huggy', 'wuggy'];[0.53856938 0.47836338 0.53856938 0.53856938 0.53856938];2.2733915379996215;8;0.5265281840288868;0;0
['best', 'best', 'best', 'midfielder', 'best'];[1.32116339 2.18184087 3.60321034 0.53856938 5.95053698];4.419376305713434;10;2.7190641921745993;1;1
['preview', 'trailer', 'concert', 'concert', 'hall'];[0.47836338 0.53856938 1.07713877 2.90056981 0.47836338];3.5030558537712757;8;1.0946009466551971;0;0
['emission', 'production', 'production', 'carbon', 'emission'];[1.07713877 1.07713877 2.90056981 0.53856938 2.90056981];3.544906036893995;16;1.6987973087611852;0;0
['muse', 'muse', 'hopping', 'muse', 'emotionally'];[ 1.61570815  4.35085472  0.53856938 11.71618572  0.53856938];4.6128557509195165;22;3.7519774724661255;0;0
['opportunity', 'bag', 'blocsport', '1', 'token'];[0.39877538 0.41815739 0.53856938 0.38293913 0.47836338];2.122579598132258;6;0.4433609341869818;1;1
['added', 'environment', 'footstep', 'sound', 'effect'];[0.47836338 0.47836338 0.53856938 0.44314513 0.47836338];2.416804670934909;5;0.48336093418698184;0;0
['invitation', 'central', 'asian', 'parade', 'masterstroke'];[0.53856938 0.53856938 0.53856938 0.53856938 0.53856938];2.3520568190532765;12;0.5385693838554461;0;0
['general', 'election', 'united', 'kingdom', 'tomorrow'];[0.47836338 0.44314513 0.47836338 0.53856938 0.47836338];2.2604228583073263;8;0.48336093418698184;0;0
['brunswick', 'coalition', 'disability', 'fundraiser', 'bingo'];[0.53856938 0.53856938 0.53856938 0.53856938 0.53856938];2.280991413329898;12;0.5385693838554461;0;1
['loud', '1977', 'gibson', 'le', 'tough'];[0.53856938 0.53856938 0.53856938 0.47836338 0.53856938];2.349064029959671;11;0.5265281840288868;0;0
['rope', 'physic', 'bone', 'subsequent', 'rig'];[0.53856938 0.53856938 0.53856938 0.53856938 0.53856938];2.3595135859438967;9;0.5385693838554461;0;0
['retweet', 'love', 'follow', 'daily', 'post'];[0.53856938 0.32273313 0.39877538 0.47836338 0.41815739];2.029135047103969;6;0.43131973436042254;0;0
['66', 'switzerland', '0', 'draw', '85'];[0.53856938 0.53856938 0.53856938 0.53856938 0.53856938];2.401998417389365;10;0.5385693838554461;1;1
['cameraman', 'heavy', 'camera', 'mostly', 'winner'];[0.53856938 0.53856938 0.53856938 0.53856938 0.47836338];2.3338742936518067;10;0.5265281840288868;1;1
['truth', 'dare', 'game', 'truth', 'dare'];[1.07713877 1.07713877 0.24913778 2.90056981 2.90056981];3.084932917281949;24;1.6409109875074963;0;0
['jrpgs', 'button', 'intuitive', 'eating', 'drinking'];[0.53856938 0.47836338 0.53856938 0.53856938 0.53856938];2.324623547023982;11;0.5265281840288868;0;0
['work', 'screw', 'work', 'shrugging', 'upside'];[0.69544176 0.53856938 1.20909812 0.53856938 0.53856938];2.4288825422945077;12;0.7040496066129249;0;0
['agent', 'refusing', 'answer', 'club', 'offer'];[0.53856938 0.53856938 0.47836338 0.47836338 0.53856938];2.4052181698192325;8;0.5144869842023275;1;1
['discover', 'eden', 'hazard'];[0.79727231 0.89761564 0.89761564 0.         0.        ];2.5925035873892366;3;0.8641678624630788;1;1
['got', 'got', 'p', 'p', 'p'];[ 0.67713877  1.14629228  1.61570815  4.35085472 11.71618572];4.492494123754811;23;3.901235927834638;0;0
['cover', 'moody', 'blue', 'white', 'satin'];[0.41815739 0.53856938 0.47836338 0.47836338 0.53856938];2.3002486297049156;7;0.49040458454920904;0;0
['play', 'play', 'play', 'play', 'piano'];[1.39088353 2.41819624 4.20428664 7.30959129 0.47836338];4.273312146206068;17;3.160264215087319;0;0
['dance', 'yeartwo', 'creating', 'titanic', 'kid'];[0.53856938 0.53856938 0.53856938 0.53856938 0.47836338];2.1702066706458405;15;0.5265281840288868;0;0
['poland', '5000', '10000', 'running', 'tram'];[0.53856938 0.53856938 0.53856938 0.53856938 0.53856938];2.4552888054002717;27;0.5385693838554461;1;1
['1971', 'sabbath', 'released', 'second', 'paranoid'];[0.47836338 0.53856938 0.44314513 0.47836338 0.53856938];2.256598671802113;10;0.49540213401354105;0;0
['going', 'asking', 'friend'];[0.59658564 0.89761564 0.66462564 0.         0.        ];2.158826922167909;3;0.7196089740559697;1;1
['stock', 'belt', 'dressing', 'clean', 'flamboyant'];[0.53856938 0.53856938 0.53856938 0.53856938 0.53856938];2.446549650097609;11;0.5385693838554461;0;0
['reached', 'match', 'remarkable', 'match', 'thursday'];[0.53856938 0.95672677 0.53856938 2.28831528 0.53856938];2.659554639393204;14;0.9721500398889473;1;1
['modi', 'paid', 'attention', 'falling', 'infrastructure'];[0.53856938 0.53856938 0.53856938 0.53856938 0.53856938];2.4773461857233974;17;0.5385693838554461;0;0
['honored', 'speaking', 'amongst', 'trailblazer', 'feb'];[0.53856938 0.53856938 0.47836338 0.53856938 0.53856938];2.451653914053527;6;0.5265281840288868;0;0
['became', 'compatible', 'surprise', 'increase', 'value'];[0.53856938 0.47836338 0.53856938 0.53856938 0.53856938];2.2986560418406703;10;0.5265281840288868;0;0
['working', 'home', 'baby', 'actually', 'write'];[0.38293913 0.41815739 0.47836338 0.44314513 0.47836338];2.0439643681235613;7;0.44019368434507683;0;0
['death', 'dy', 'collides', 'clone', 'look'];[0.41815739 0.44314513 0.53856938 0.53856938 0.41815739];2.155305098276939;8;0.47131973436042257;0;0
['favourite', 'soundtrack', 'ever'];[0.89761564 0.89761564 0.66462564 0.         0.        ];2.4598569178318903;3;0.8199523059439634;1;0
['fuse', 'ad', 'meme', 'meme', 'ad'];[0.53856938 0.95672677 1.07713877 2.90056981 2.28831528];4.089738698649469;10;1.5522640023418168;0;0
['tale', 'craft', 'story', 'narrate', 'handmade'];[0.53856938 0.53856938 0.53856938 0.53856938 0.53856938];2.4921602555012425;9;0.5385693838554461;0;0
['staff', 'compulsory', 'nh', 'staff', 'covid'];[1.07713877 0.53856938 0.53856938 2.90056981 0.41815739];3.9658524306167267;22;1.0946009466551971;0;0
['republican', 'sponsor', 'republican', 'gubernatorial', 'senatorial'];[1.07713877 0.53856938 2.90056981 0.53856938 0.53856938];3.228657732883074;11;1.1186833463083157;0;0
['deep', 'ball', 'shoulder', 'catching', 'axis'];[0.53856938 0.53856938 0.53856938 0.53856938 0.53856938];2.220242441294463;14;0.5385693838554461;0;1
['2', 'year', 'day', 'live', '1983'];[0.33029085 0.2924796  0.30335113 0.41815739 0.53856938];1.7126229388785532;7;0.37656966957864035;0;0
['oh', 'cool', 'fashion', 'angel', 'life'];[0.47836338 0.41815739 0.31578071 0.44314513 0.35795139];2.0133980030751526;5;0.40267960061503055;0;0
['hair', 'hair', '3', '3', 'make'];[0.95672677 2.28831528 0.73909955 1.36567037 0.29774539];2.704723295685007;23;1.1295114710469756;0;0
['looking', 'onboard', 'industry', 'park', 'austria'];[0.47836338 0.53856938 0.47836338 0.44314513 0.53856938];2.1402361071958897;9;0.49540213401354105;0;0
['kieran', 'trippier', 'packing', 'premier', 'return'];[0.53856938 0.53856938 0.53856938 0.53856938 0.47836338];2.520829778897812;7;0.5265281840288868;1;1
['decry', 'california', 'opening', 'forcing', 'caregiver'];[0.53856938 0.53856938 0.53856938 0.53856938 0.53856938];2.44009165257674;14;0.5385693838554461;0;0
['also', 'hairstyle', 'kunal', 'khemu'];[0.46193722 0.67321173 0.67321173 0.67321173 0.        ];2.481572409273666;4;0.6203931023184165;0;0
['walk', 'portal', 'transport', 'time'];[0.59795423 0.59795423 0.59795423 0.35352333 0.        ];2.147386022291037;4;0.5368465055727593;0;0
['balinese', 'aw', 'forget', 'pray', 'liberia'];[0.53856938 0.53856938 0.53856938 0.53856938 0.53856938];2.244568284649061;20;0.5385693838554461;0;0
['including', '9', 'dozen', 'injured', 'nyc'];[0.53856938 0.53856938 0.53856938 0.53856938 0.53856938];2.5833814663085097;11;0.5385693838554461;0;0
['one', 'one', 'bathroom', '8', 'ago'];[0.52505427 0.68920497 0.53856938 0.47836338 0.44314513];2.0066916124731833;10;0.5348674282646251;0;0
['tapper', 'cooper', 'confronted', 'veritas', 'producer'];[0.53856938 0.53856938 0.53856938 0.53856938 0.53856938];2.4258719937591797;17;0.5385693838554461;0;0
['feature', 'focusing', 'thinking', 'movement', 'ability'];[0.53856938 0.53856938 0.53856938 0.53856938 0.47836338];2.221190403797225;12;0.5265281840288868;0;0
['cherry', 'music', 'glockenspiel', 'music', 'lesson'];[0.53856938 0.52505427 0.53856938 0.68920497 0.47836338];2.11692562627123;10;0.5539522784534116;0;0
['bomb', 'cyberfunk', 'announced', 'cloud', 'platform'];[0.53856938 0.53856938 0.53856938 0.53856938 0.47836338];2.4201164707841336;8;0.5265281840288868;0;0
['light', 'addiction', 'friend', 'get', 'stuck'];[0.47836338 0.53856938 0.39877538 0.31578071 0.53856938];2.149501687946384;6;0.4540116497631726;0;0
['bit', 'dart', 'rockstar', '13', 'dart'];[0.47836338 1.07713877 0.53856938 0.47836338 2.90056981];3.4951854978272046;7;1.0946009466551971;0;0
['interest', 'interest', 'uk', 'group', 'group'];[1.07713877 2.90056981 0.44314513 0.88629027 1.96377609];3.196054332146947;24;1.454184013388282;1;1
['utd', 'rangnick', 'concedes', 'sale', 'happen'];[0.53856938 0.53856938 0.53856938 0.53856938 0.53856938];2.504703171987242;8;0.5385693838554461;1;1
['enter', 'mulberry', 'twig', 'cast', 'silver'];[0.53856938 0.53856938 0.53856938 0.53856938 0.53856938];2.30717940827499;11;0.5385693838554461;0;0
['practice', 'often', 'always', 'making', 'music'];[0.47836338 0.53856938 0.38293913 0.41815739 0.26622382];2.084253104598594;5;0.41685062091971886;0;0
['oh', 'cool', 'fashion', 'angel', 'life'];[0.47836338 0.41815739 0.32273313 0.44314513 0.35795139];2.020350424326995;5;0.4040700848653991;0;0
['dewy', 'melon', 'treat', 'commissioned', 'reply'];[0.53856938 0.53856938 0.53856938 0.53856938 0.53856938];2.317865344525353;17;0.5385693838554461;0;0
['amazed', 'different', 'deliver', 'message', 'paul'];[0.53856938 0.53856938 0.53856938 0.53856938 0.47836338];2.3037712940854083;12;0.5265281840288868;0;0
['tear', 'fear', 'mad', 'world'];[0.55393142 0.67321173 0.67321173 0.42321173 0.        ];2.3235666055973145;4;0.5808916513993286;0;0
['fun', 'interesting', 'podcast', 'pop', 'star'];[0.53856938 0.44314513 0.47836338 0.53856938 0.44314513];2.1654643777211224;8;0.4883584836513138;0;0
['problem', 'spike', 'protein', 'problem', 'permeate'];[1.07713877 0.53856938 0.53856938 2.90056981 0.53856938];3.20498251427785;13;1.1186833463083157;0;0
['teach', 'someone', 'teach', 'people', 'people'];[1.07713877 0.53856938 2.90056981 0.69544176 1.20909812];3.9909325904078;18;1.2841635690657944;0;0
['jonathan', 'sumption', 'powerful', 'analysis', 'ignored'];[0.53856938 0.53856938 0.53856938 0.53856938 0.53856938];2.3290268990411787;16;0.5385693838554461;0;0
['bodybuilding'];[2.69284692 0.         0.         0.         0.        ];2.69284691927723;1;2.69284691927723;1;1
['year', 'year', 'year', 'lesson', 'lesson'];[0.89323616 1.32978474 1.97968636 0.95672677 2.28831528];2.5119867168723764;23;1.4895498599970478;1;1
['unending', 'resource', 'social', 'service', 'specifically'];[0.53856938 0.47836338 0.53856938 0.44314513 0.53856938];2.3389895458965446;10;0.5074433338401003;0;0
['2010', 'microsoft', 'game', '755142110444', 'ebay'];[0.53856938 0.53856938 0.25557471 0.53856938 0.53856938];2.3081102443395105;15;0.4819704499366133;0;0
['ghost', 'arcade', 'largest', 'arcade', '845'];[0.53856938 1.07713877 0.53856938 2.90056981 0.53856938];3.0618223009418006;11;1.1186833463083157;0;0
['32', '600', '1200', '32', 'tease'];[1.07713877 0.53856938 0.53856938 2.90056981 0.53856938];3.040197398476408;16;1.1186833463083157;0;0
['music', 'stop', 'name', 'game', 'abba'];[0.27008485 0.39877538 0.47836338 0.25898138 0.53856938];1.9447743813783815;5;0.38895487627567626;0;0
['bass', 'kinda', 'thing'];[0.79727231 0.89761564 0.5795348  0.         0.        ];2.274422750909461;3;0.7581409169698204;0;0
['laporta', 'becomes', 'member', 'rfef', 'council'];[0.53856938 0.47836338 0.47836338 0.53856938 0.53856938];2.572434921011638;5;0.5144869842023275;1;1
['play', 'play', 'sugarpaws', 'sweet', 'totally'];[0.69544176 1.20909812 0.53856938 0.53856938 0.53856938];2.5414032104890216;12;0.7040496066129249;0;0
['rous', 'oddly', 'slime', 'videogames', 'ftw'];[0.53856938 0.53856938 0.53856938 0.53856938 0.53856938];2.472165169417302;20;0.5385693838554461;0;0
['includes', 'quality', 'competent', 'technology', 'crypto'];[0.53856938 0.53856938 0.53856938 0.53856938 0.53856938];2.2247742512496815;15;0.5385693838554461;0;0
['ensuing', 'deadly', 'frolic', 'seems', 'dream'];[0.53856938 0.53856938 0.53856938 0.53856938 0.53856938];2.5735666055973145;8;0.5385693838554461;0;0
['ballad', 'kenny', 'burrell', 'guitar', 'chamber'];[0.53856938 0.53856938 0.53856938 0.53856938 0.53856938];2.5329099003504894;13;0.5385693838554461;0;0
['middle', 'multibillionaires', 'saw', 'wealth', 'soared'];[0.53856938 0.53856938 0.53856938 0.53856938 0.53856938];2.3128373581676405;16;0.5385693838554461;0;0
['kei', 'kamara', 'douala', 'good', 'luck'];[0.53856938 0.53856938 0.53856938 0.35795139 0.47836338];2.4520229227460453;5;0.49040458454920904;1;1
['skill', 'gain', 'user', 'skill', 'target'];[0.95672677 0.53856938 0.53856938 2.28831528 0.53856938];3.0410808530849733;11;0.9721500398889473;0;0
['globetrotter', 'pumped', 'honor', 'greatest', 'basketball'];[0.53856938 0.53856938 0.53856938 0.53856938 0.53856938];2.2972345097195976;14;0.5385693838554461;1;1
['maybe', 'like', 'song', 'happy', 'way'];[0.47836338 0.34772088 0.33856938 0.38293913 0.36954978];1.7232164704019282;8;0.3834285120353978;0;0
['severn', 'class', 'great', 'pe', 'afternoon'];[0.53856938 0.47836338 0.39877538 0.53856938 0.53856938];2.3211054323808513;6;0.4985693838554461;1;1
['sunday', 'ride'];[1.19590846 1.34642346 0.         0.         0.        ];2.5423319214452396;2;1.2711659607226198;1;1
['nketiah', 'arsenal', 'contract', 'set', 'expire'];[0.53856938 0.53856938 0.47836338 0.44314513 0.53856938];2.395821026984712;7;0.5074433338401003;1;1
['well', 'finish', 'drawing', 'pending', '2021'];[0.47836338 0.47836338 0.41815739 0.53856938 0.36954978];2.1506239183895457;6;0.45660066294863877;0;0
['game', 'rugby'];[0.64745346 1.34642346 0.         0.         0.        ];1.9938769149412114;2;0.9969384574706057;1;1
['ali', 'colin', 'kaepernick', 'proud', 'lovely'];[0.53856938 0.53856938 0.53856938 0.53856938 0.53856938];2.411038267706833;13;0.5385693838554461;1;1
['melody', 'weary', 'world'];[0.79727231 0.89761564 0.5795348  0.         0.        ];2.274422750909461;3;0.7581409169698204;0;0
['song', 'record', 'next'];[0.56428231 0.79727231 0.69692898 0.         0.        ];2.0584835902799155;3;0.6861611967599718;0;0
['followed', 'youtube', 'catch', 'vids', 'album'];[0.47836338 0.47836338 0.53856938 0.53856938 0.44314513];2.214425760145502;8;0.49540213401354105;0;0
['motion', 'road', 'rudely', 'interrupted', 'date'];[0.53856938 0.53856938 0.53856938 0.53856938 0.53856938];2.3521070658519716;22;0.5385693838554461;0;0
['appears', 'discontent', 'amongst', 'establishment', 'bite'];[0.53856938 0.53856938 0.47836338 0.53856938 0.53856938];2.469109805806862;6;0.5265281840288868;0;0
['american', 'student', 'ashamed', 'history', 'identity'];[0.47836338 0.47836338 0.53856938 0.44314513 0.47836338];2.309812456795003;7;0.48336093418698184;0;0
['throw', 'back', '2001', 'gave', 'hitd'];[0.47836338 0.39877538 0.53856938 0.53856938 0.53856938];2.270812275071612;7;0.4985693838554461;0;0
['ambient', 'space', 'relaxing', 'music'];[0.67321173 0.59795423 0.67321173 0.33760606 0.        ];2.281983750155683;4;0.5704959375389208;0;0
['musical', 'ear', 'syndrome', 'happens'];[0.67321173 0.67321173 0.67321173 0.59795423 0.        ];2.617589420361235;4;0.6543973550903087;0;0
['pharaoh', 'forced', 'cancel', 'reported', 'camp'];[0.53856938 0.53856938 0.53856938 0.53856938 0.53856938];2.4813924762781254;9;0.5385693838554461;1;1
['raju', 'serious', 'jagan', 'price', 'hike'];[0.53856938 0.53856938 0.53856938 0.53856938 0.53856938];2.562743919710832;10;0.5385693838554461;0;0
['hexagon', 'fight', 'around', 'corner', 'champ'];[0.53856938 0.44314513 0.38293913 0.53856938 0.53856938];2.3539429600294053;6;0.4883584836513138;1;1
['sweater', 'uggs', 'warm', 'hollister', 'coat'];[0.53856938 0.53856938 0.53856938 0.53856938 0.53856938];2.4252647009092465;9;0.5385693838554461;0;0
['missing', 'la', 'little', 'extra', 'today'];[0.47836338 0.53856938 0.39877538 0.53856938 0.33856938];2.2928469192772303;5;0.45856938385544604;0;0
['style', 'truly', 'described', 'effortless'];[0.55393142 0.67321173 0.67321173 0.67321173 0.        ];2.5735666055973145;4;0.6433916513993286;0;0
['tried', 'reine', 'musette', 'waltz', 'practice'];[0.53856938 0.53856938 0.53856938 0.53856938 0.47836338];2.2352044939501794;11;0.5265281840288868;0;0
['lol', 'unemployed', 'series', 'flute', 'enjoy'];[0.53856938 0.53856938 0.53856938 0.53856938 0.53856938];2.463981206230378;7;0.5385693838554461;0;0
['side', 'side', 'bias', 'reporting', 'informed'];[1.07713877 2.90056981 0.53856938 0.53856938 0.53856938];3.239584646110562;12;1.1186833463083157;0;0
['runner', 'runner', 'explorer', 'runner', 'seafoamserpent'];[ 1.61570815  4.35085472  0.53856938 11.71618572  0.53856938];4.28469647041931;25;3.7519774724661255;0;0
['skirt', 'die'];[1.34642346 1.34642346 0.         0.         0.        ];2.69284691927723;2;1.346423459638615;0;0
['graham', 'hood', 'graham', 'hood', 'interview'];[1.07713877 1.07713877 2.90056981 2.90056981 0.53856938];3.5367637956421993;15;1.6987973087611852;0;0
['stronger', 'knife', 'kill', 'kill', 'twice'];[0.53856938 0.53856938 1.07713877 2.90056981 0.53856938];3.414761825069194;11;1.1186833463083157;0;0
['living', 'hell', 'crueltysquad', 'fanart', 'masterpiece'];[0.44314513 0.47836338 0.53856938 0.53856938 0.53856938];2.2612484479815245;7;0.5074433338401003;0;0
['could', 'believe', 'artwork', 'shirt', 'everywhere'];[0.44314513 0.44314513 0.53856938 0.41815739 0.47836338];2.1800288826694816;7;0.4642760839981953;0;0
['kickstarter', 'news', 'update', 'demonstration', 'arclands'];[0.53856938 0.44314513 0.44314513 0.53856938 0.53856938];2.0576045315566596;11;0.500399683477873;0;0
['mercenary', 'fire', 'cyborg', 'mercenary', 'fire'];[1.07713877 1.07713877 0.53856938 2.90056981 2.90056981];3.5184935385109;25;1.6987973087611852;0;0
['good', 'good', 'currupted', 'recall', 'attracted'];[0.71590277 1.28129195 0.53856938 0.53856938 0.53856938];2.3681849379000246;20;0.7225805750291497;0;0
['unfolded', 'begin', 'tracking', 'weekly', 'compete'];[0.53856938 0.53856938 0.53856938 0.53856938 0.53856938];2.1754568570497645;16;0.5385693838554461;1;1
['s', 's', 'twentieth', 'century', 'fascist'];[0.88629027 1.96377609 0.53856938 0.53856938 0.53856938];2.7145441333046483;25;0.893154901124199;0;0
['game', 'game', 'incredible', 'unmatched', 'game'];[0.79867145 1.06312681 0.53856938 0.53856938 1.41514838];2.2020903245255044;22;0.870817081679647;0;0
['gandhi', 'uttar', 'pradesh', 'poll', 'bound'];[0.53856938 0.53856938 0.53856938 0.53856938 0.53856938];2.498513128708781;13;0.5385693838554461;0;0
['wave', 'politician', 'brought', 'end', 'never'];[0.53856938 0.47836338 0.53856938 0.41815739 0.53856938];2.2300431022215395;8;0.5024457843757684;0;0
['move', 'silly', 'adjust', 'course', 'move'];[1.07713877 0.53856938 0.53856938 0.53856938 2.90056981];3.4665413173827972;10;1.1186833463083157;0;0
['education', 'system', 'education', 'system', 'process'];[1.07713877 0.88629027 2.90056981 1.96377609 0.53856938];3.0900511978699385;19;1.4732688635770685;1;0
['little', 'connexion', 'body'];[0.69692898 0.89761564 0.89761564 0.         0.        ];2.4921602555012425;3;0.8307200851670808;0;1
['june', '17', 'colleague', 'conversation', 'save'];[0.53856938 0.53856938 0.53856938 0.53856938 0.53856938];2.297848170552266;19;0.5385693838554461;1;1
['evil', 'survivor', '2000', 'beaten', 'tyrant'];[0.53856938 0.53856938 0.53856938 0.53856938 0.53856938];2.4732232737093205;12;0.5385693838554461;0;0
['unable', 'repair', 'phone', 'youth', 'suicide'];[0.53856938 0.53856938 0.53856938 0.47836338 0.53856938];2.5386781698418552;7;0.5265281840288868;0;0
['name', 'duo', 'wrong', 'answer'];[0.59795423 0.67321173 0.67321173 0.59795423 0.        ];2.5423319214452396;4;0.6355829803613099;0;0
['impossible', 'jacket', 'dolce', 'gabbana', 'metaverse'];[0.53856938 0.53856938 0.53856938 0.53856938 0.53856938];2.438745417388048;12;0.5385693838554461;0;0
['fifa', 'men', 'player', 'nominee', 'vote'];[0.53856938 0.41815739 0.47836338 0.53856938 0.44314513];2.192414352763542;8;0.4833609341869818;1;1
['west', 'ham', 'attacker', 'antonio', 'agrees'];[0.53856938 0.53856938 0.53856938 0.53856938 0.53856938];2.4553100861798622;7;0.5385693838554461;1;1
['say', 'rock', 'full', 'show', 'link'];[0.44314513 0.39877538 0.44314513 0.39877538 0.44314513];2.077643343912846;7;0.42539723294220505;0;0
['fit', 'navy', 'smiling', 'sunglass', 'order'];[0.53856938 0.53856938 0.53856938 0.53856938 0.53856938];2.43066958297071;12;0.5385693838554461;0;0
['connor', 'rk', '800', 'detroit', 'human'];[0.53856938 0.53856938 0.53856938 0.53856938 0.47836338];2.538678169841855;7;0.5265281840288868;0;0
['said', 'page', 'mention', 'missing', 'something'];[0.47836338 0.47836338 0.53856938 0.47836338 0.44314513];2.0998414581402236;12;0.48336093418698184;1;1
['nightmare', 'please', 'feel', 'private', 'pick'];[0.53856938 0.53856938 0.47836338 0.53856938 0.53856938];2.383291503205352;12;0.5265281840288868;1;1
['today', 'worked', 'second', 'environment', 'game'];[0.35795139 0.53856938 0.47836338 0.47836338 0.26622382];2.1194713564097305;5;0.4238942712819461;0;0
['action', 'fantasy', 'action', 'development', 'hound'];[0.95672677 0.53856938 2.28831528 0.53856938 0.53856938];2.782362423870626;20;0.9721500398889473;0;0
['controller', 'controller', 'larger', 'controller', '90'];[ 1.61570815  4.35085472  0.53856938 11.71618572  0.53856938];5.082715952481364;19;3.7519774724661255;0;0
['two', 'hat', 'two', 'female', 'hat'];[1.07713877 0.95672677 2.90056981 0.53856938 2.28831528];3.588386492817473;14;1.5522640023418168;0;0
['kalpop', 'joy', 'passion', 'mood', 'around'];[0.53856938 0.53856938 0.53856938 0.53856938 0.44314513];2.488366381540232;7;0.5194845336666596;0;0
['ronaldo', 'defender', 'ronaldo', 'defender', 'precision'];[1.07713877 1.07713877 2.90056981 2.90056981 0.53856938];3.283696974148543;22;1.6987973087611852;1;1
['bos', 'rodgers', 'reluctant', 'rush', 'vardy'];[0.53856938 0.53856938 0.53856938 0.53856938 0.53856938];2.6068383490875213;7;0.5385693838554461;1;1
['everton', 'chapter', 'goodison', 'supporting', 'toffee'];[0.53856938 0.53856938 0.53856938 0.53856938 0.53856938];2.2533350029974364;19;0.5385693838554461;1;1
['dnf', 'currently', 'dynamic', 'stage', 'dnf'];[1.07713877 0.53856938 0.53856938 0.53856938 2.90056981];3.1805374784020777;10;1.1186833463083157;0;0
['bigger', 'fight', 'hand', 'fight', 'dislike'];[0.47836338 0.88629027 0.47836338 1.96377609 0.53856938];2.7133565636261627;11;0.8690725014710805;0;0
['life', 'constitution', 'pmmodiji', 'life', 'life'];[1.1488174  0.53856938 0.53856938 2.1996357  4.21163295];3.2314182650783794;16;1.727444964963042;0;0
['22', 'sony', 'playstation', 'north', 'america'];[0.53856938 0.53856938 0.53856938 0.53856938 0.53856938];2.3159460658486806;13;0.5385693838554461;0;0
['finally', 'finished', 'fm', '7', 'goo'];[0.47836338 0.47836338 0.53856938 0.44314513 0.53856938];2.2604228583073263;8;0.49540213401354105;0;0
['de', 'lucha', 'de', 'furiosos', 'peleadores'];[1.07713877 0.53856938 2.90056981 0.53856938 0.53856938];3.083653180632395;20;1.1186833463083157;0;0
['miss', 'year', 'year', 'away', 'burn'];[0.53856938 0.69544176 1.20909812 0.47836338 0.53856938];2.474221545990364;12;0.6920084067863657;0;0
['positive', 'vibe', 'fi', 'global', 'mind'];[0.47836338 0.47836338 0.53856938 0.53856938 0.47836338];2.1753282207009565;10;0.5024457843757684;0;0
['left', 'silently', 'slipping', 'poverty', 'revitalizing'];[0.53856938 0.53856938 0.53856938 0.53856938 0.53856938];2.3640255317484264;18;0.5385693838554461;0;0
['music', 'soul', 'word', 'mind'];[0.33760606 0.67321173 0.67321173 0.59795423 0.        ];2.281983750155683;4;0.5704959375389208;0;0
['salah', 'auba', 'win', 'afcon', 'golden'];[0.53856938 0.53856938 0.44314513 0.53856938 0.53856938];2.5129833782692925;6;0.5194845336666596;1;1
['channel', 'channel', 'difused', 'future', 'programme'];[1.07713877 2.90056981 0.53856938 0.53856938 0.53856938];3.031374213975535;18;1.1186833463083157;0;0
['johnson', 'blonde', 'highlight', 'denim', 'monica'];[0.53856938 0.53856938 0.53856938 0.53856938 0.53856938];2.3595135859438967;12;0.5385693838554461;0;0
['play', 'play', 'bomberman', 'pm', 'est'];[0.71590277 1.28129195 0.53856938 0.47836338 0.53856938];2.2747468875146644;21;0.7105393752025905;0;0
['politics', 'student', 'politics', 'student', 'finding'];[0.73909955 0.95672677 1.36567037 2.28831528 0.53856938];2.853807619688764;24;1.1776762703532127;0;0
['leotard', 'performance', 'leotard', 'performance', 'ahead'];[1.07713877 1.07713877 2.90056981 2.90056981 0.53856938];3.8154038125384204;14;1.6987973087611852;1;1
['furious', 'discover', 'hurling', 'fastest', 'grass'];[0.47836338 0.47836338 0.53856938 0.47836338 0.53856938];2.3290551102089254;7;0.5024457843757684;1;1
['almost', 'wait', 'share', 'announcement', 'meantime'];[0.53856938 0.53856938 0.53856938 0.53856938 0.53856938];2.360464801600625;15;0.5385693838554461;0;0
['married', 'man', 'trying', 'living', 'playing'];[0.53856938 0.44314513 0.44314513 0.47836338 0.38293913];2.1224947553046523;7;0.45723243363596805;0;0
['party', 'party', 'nfts', 'fundraising', 'presidential'];[0.79755077 1.59021806 0.53856938 0.53856938 0.53856938];2.7434229170547466;14;0.8006953956634031;0;0
['fashion', 'groom', 'wedding', 'shoe'];[0.41286356 0.67321173 0.59795423 0.67321173 0.        ];2.3572412490716785;4;0.5893103122679196;1;0
['mayo', 'turn', 'tg', 'minute', 'dublin'];[0.53856938 0.53856938 0.53856938 0.53856938 0.53856938];2.374336632728398;13;0.5385693838554461;1;1
['fluctuates', 'lot', 'followed', 'mean', 'lot'];[0.53856938 0.88629027 0.47836338 0.47836338 1.96377609];2.719562052699656;12;0.8690725014710805;0;0
['makeup', 'son', 'might', 'bend', 'knee'];[0.53856938 0.53856938 0.47836338 0.53856938 0.53856938];2.504703171987242;8;0.5265281840288868;0;0
['dizzy', 'dizzy', 'remake', 'pc', 'free'];[1.07713877 2.90056981 0.53856938 0.53856938 0.53856938];3.227407309804042;12;1.1186833463083157;0;0
['dedicated', 'follower', 'fashion'];[0.89761564 0.79727231 0.55048474 0.         0.        ];2.2453726923364945;3;0.7484575641121649;0;0
['game', 'game', 'driver', 'function', 'needed'];[0.55672677 0.77486174 0.53856938 0.53856938 0.53856938];2.4767471073353144;26;0.5894593321108273;0;0
['winter', 'olympics', 'asap', 'better', 'curling'];[0.53856938 0.47836338 0.53856938 0.44314513 0.53856938];2.333059213580389;7;0.5074433338401003;1;1
['game', 'discord', 'discord', 'info', 'game'];[0.55672677 1.07713877 2.90056981 0.53856938 0.77486174];3.005263521993105;18;1.169573294563697;0;0
['game', 'inspiration', 'could', 'summed', '4'];[0.27836338 0.53856938 0.44314513 0.53856938 0.53856938];2.3372166692005014;5;0.4674433338401003;0;0
['shenhe', 'genshin', 'impact', 'everyone', 'pull'];[0.53856938 0.53856938 0.53856938 0.47836338 0.53856938];2.378694777826805;9;0.5265281840288868;0;0
['biphobia', 'transphobia', 'nobody', 'discrimination', 'especially'];[0.53856938 0.53856938 0.53856938 0.53856938 0.53856938];2.4594015441621373;10;0.5385693838554461;1;1
['send', 'u', 'music', 'video'];[0.59795423 0.4346511  0.34265691 0.52269673 0.        ];1.897958971485933;4;0.47448974287148327;0;0
['art', 'art', 'art', 'serf', 'adorn'];[1.3294354  2.94566413 6.52678362 0.53856938 0.53856938];3.795317252574912;22;2.3758043832003617;0;0
['hitting', 'interested', 'project', 'via', 'email'];[0.53856938 0.53856938 0.53856938 0.53856938 0.53856938];2.3697042682837934;20;0.5385693838554461;0;0
['air', 'force', 'joint', 'base', 'andrew'];[0.53856938 0.53856938 0.53856938 0.53856938 0.53856938];2.521669282221395;13;0.5385693838554461;0;0
['introduce', 'reinterpreted', 'line', 'graphic', 'focus'];[0.53856938 0.53856938 0.47836338 0.53856938 0.53856938];2.3443929084567747;9;0.5265281840288868;0;0
['summer', 'nz', 'school', 'serving', 'lewks'];[0.53856938 0.53856938 0.53856938 0.53856938 0.53856938];2.539490114642607;9;0.5385693838554461;0;0
['dot', 'flame', 'unicorn', 'shark', 'wing'];[0.53856938 0.53856938 0.53856938 0.53856938 0.53856938];2.5025718168852675;12;0.5385693838554461;0;0
['let', 'u', 'dress', 'baggy', 'na'];[0.38293913 0.34772088 0.44314513 0.53856938 0.53856938];2.250943916368704;5;0.4501887832737408;0;0
['song', 'got', 'feeling', 'like'];[0.42321173 0.4346511  0.67321173 0.49846923 0.        ];2.029543790833394;4;0.5073859477083486;0;0
['fitted', 'custom', 'ensemble', '1975'];[0.67321173 0.59795423 0.67321173 0.59795423 0.        ];2.5423319214452396;4;0.6355829803613099;0;0
['bomba', 'shed', 'kenya', 'security', 'expect'];[0.53856938 0.53856938 0.53856938 0.53856938 0.53856938];2.5309697323700866;20;0.5385693838554461;0;0
['clothes', 'wear', 'ugw'];[0.73857522 0.79727231 0.89761564 0.         0.        ];2.4334631691493485;3;0.8111543897164496;0;0
['music', 'digital', 'music', 'amazon', 'kindle'];[0.55672677 0.53856938 0.77486174 0.53856938 0.53856938];2.2716217187448384;13;0.5894593321108273;0;0
['generate', 'million', 'york', 'official', 'projection'];[0.53856938 0.53856938 0.53856938 0.53856938 0.53856938];2.401229649408863;14;0.5385693838554461;0;0
['yap', 'surprised', 'sleepless', 'night', 'come'];[0.53856938 0.53856938 0.53856938 0.41815739 0.44314513];2.4770106700677057;5;0.49540213401354105;0;0
['b', '4b', 'b4', 'b', 'selection'];[1.07713877 0.53856938 0.53856938 2.90056981 0.53856938];2.8843840139530936;21;1.1186833463083157;0;0
['song', 'coming', '11', 'am', 'pst'];[0.33856938 0.36954978 0.53856938 0.53856938 0.53856938];2.1802557590451417;6;0.46476546225487575;0;0
['need', 'comeback', 'need', 'grandma', 'down'];[0.67713877 0.53856938 1.14629228 0.53856938 0.53856938];2.5167074935458493;11;0.6878278392239587;0;0
['president', 'elect', 'president', 'elect', 'pres'];[0.95672677 1.07713877 2.28831528 2.90056981 0.53856938];3.064075156547884;23;1.5522640023418168;0;0
['wbo', 'igbo', '2019', 'total', '23'];[0.53856938 0.53856938 0.53856938 0.53856938 0.53856938];2.51628259685461;24;0.5385693838554461;1;1
['line', 'politics', 'politics', 'politics', 'line'];[0.95672677 1.10864933 2.04850555 3.78512384 2.28831528];3.229077637368243;24;2.0374641533410216;0;0
['team', 'battle', 'gold', 'starting', 'drumming'];[0.53856938 0.53856938 0.53856938 0.53856938 0.53856938];2.495449263521277;16;0.5385693838554461;1;1
['boyz', '2men', 'boyz2', 'jejeje', 'thanks'];[0.53856938 0.53856938 0.53856938 0.53856938 0.53856938];2.327091638476812;14;0.5385693838554461;0;0
['ok', 'time', 'get', 'together', 'holiday'];[0.53856938 0.33856938 0.36954978 0.44314513 0.53856938];2.228403060330446;5;0.4456806120660893;0;0
['conscious', 'opportunist', 'taking', 'credit', 'contribute'];[0.53856938 0.53856938 0.53856938 0.53856938 0.53856938];2.582640920144434;20;0.5385693838554461;0;0
['gm', '2earn', 'music2', 'earn', 'musicy'];[0.53856938 0.53856938 0.53856938 0.53856938 0.53856938];2.3862571998946245;7;0.5385693838554461;0;0
['whole', 'approach', 'affected', 'trade', 'disruption'];[0.53856938 0.53856938 0.53856938 0.53856938 0.53856938];2.489353243526688;17;0.5385693838554461;0;0
['listening', 'orchestra', 'musician', 'beautifully', 'loved'];[0.53856938 0.53856938 0.53856938 0.53856938 0.53856938];2.3209988641114645;11;0.5385693838554461;0;0
['cheer', 'making', 'lot', 'new', '2022'];[0.53856938 0.44314513 0.44314513 0.30335113 0.36954978];1.9877295336751353;6;0.41955211151507554;0;0
['danger', 'replace', 'blind', 'allegiance', 'reasoned'];[0.53856938 0.53856938 0.53856938 0.53856938 0.53856938];2.532640920144434;10;0.5385693838554461;0;0
['first', 'drop', '2022', 'coming'];[0.47867392 0.55393142 0.46193722 0.47867392 0.        ];1.9732164704019284;4;0.4933041176004821;0;0
['israel', 'israel', 'anti', 'jewish', 'do'];[1.07713877 2.90056981 0.53856938 0.53856938 0.53856938];6.000747949826871;26;1.1186833463083157;1;0
['covid', 'case', 'covid', 'case', 'later'];[0.88629027 0.88629027 1.96377609 1.96377609 0.53856938];3.0743858583063934;17;1.247740418392952;1;1
['research', 'strong', 'expansion', 'medicaid', 'mississippi'];[0.53856938 0.53856938 0.53856938 0.53856938 0.53856938];2.4422610853768627;9;0.5385693838554461;0;0
['featuring', 'tammy', 'wynette', 'justified', 'ancient'];[0.53856938 0.53856938 0.53856938 0.53856938 0.53856938];2.3905176226671134;15;0.5385693838554461;0;0
['rolled', 'sleeve', 'cat', 'mom', 'shirt'];[0.53856938 0.53856938 0.47836338 0.53856938 0.41815739];2.4258369207225696;6;0.5024457843757684;0;0
['love', 'love', 'battlefield', 'pat', 'benatar'];[0.69544176 1.20909812 0.53856938 0.53856938 0.53856938];2.8248062691294624;5;0.7040496066129249;0;0
['oday', 'went', 'skating', 'cold', 'long'];[0.53856938 0.53856938 0.53856938 0.53856938 0.47836338];2.3854228583073263;8;0.5265281840288868;1;1
['beauty', 'woman'];[1.34642346 1.04539346 0.         0.         0.        ];2.391816923613249;2;1.1959084618066245;0;0
['vr', 'sex', 'simulator', 'worst', 'embarrassing'];[0.53856938 0.53856938 0.53856938 0.53856938 0.53856938];2.4485666055973145;8;0.5385693838554461;0;0
['rumor', 'psvr', 'backwards', 'compatible', 'psvr'];[0.53856938 1.07713877 0.53856938 0.47836338 2.90056981];3.6697614366792943;7;1.1066421464817564;0;0
['afghanistan', 'lost', 'kabul', 'evacuation', 'reunited'];[0.53856938 0.53856938 0.53856938 0.53856938 0.53856938];2.606838349087521;7;0.5385693838554461;0;0
['character', 'character', 'calling', 'bei', 'sure'];[0.95672677 2.28831528 0.53856938 0.53856938 0.53856938];2.7820282520638586;18;0.9721500398889473;1;1
['petticoat', 'petticoat', 'petticoat', 'desired', 'shape'];[ 1.61570815  4.35085472 11.71618572  0.53856938  0.53856938];5.738111707719045;16;3.7519774724661255;0;0
['review', 'strategy', 'revenue', 'growth', 'press'];[0.53856938 0.53856938 0.53856938 0.53856938 0.53856938];2.3797275068614363;14;0.5385693838554461;0;0
['new', 'cover', 'group', 'colossus'];[0.39472589 0.55393142 0.59795423 0.67321173 0.        ];2.21982326860461;4;0.5549558171511525;0;0
['privacy', 'priority', 'eta', 'policy', 'agenda'];[0.53856938 0.53856938 0.53856938 0.53856938 0.53856938];2.5400068067885404;11;0.5385693838554461;0;0
['silk', 'mask', 'finest', 'breathable', 'gift'];[0.53856938 0.53856938 0.53856938 0.53856938 0.53856938];2.407113669634103;10;0.5385693838554461;0;0
['meghan', 'imo', 'designer', 'helm', 'accident'];[0.53856938 0.53856938 0.53856938 0.53856938 0.53856938];2.4065990180919123;16;0.5385693838554461;0;0
['lyric', 'girl', 'lyric', 'girl', 'boy'];[1.07713877 1.07713877 2.90056981 2.90056981 0.53856938];3.2674015857914918;21;1.6987973087611852;0;0
['catherine', 'red', 'really', 'suit'];[0.67321173 0.67321173 0.52269673 0.67321173 0.        ];2.5423319214452396;4;0.6355829803613099;0;0
['seeing', 'send', 'dm', 'across', 'let'];[0.53856938 0.47836338 0.47836338 0.53856938 0.39877538];2.2343447743425684;7;0.4865281840288868;0;0
['one', 'gaming', 'one', 'lara', 'croft'];[0.66058169 0.53856938 1.09092043 0.53856938 0.53856938];2.5069226487094087;8;0.6734420560339552;0;0
['music', 'art', 'nigh', 'tear', 'memory'];[0.29774539 0.44314513 0.53856938 0.44314513 0.47836338];2.200968421725384;5;0.4401936843450768;0;0
['fashion', 'fashion'];[1.69284692 2.86573069 0.         0.         0.        ];2.8657306921064083;2;2.2792888056918192;0;0
['making', 'beat'];[1.10786283 1.34642346 0.         0.         0.        ];2.454286291917399;2;1.2271431459586994;0;0
['seemed', 'poker', 'lifestyle', 'spiraling', 'control'];[0.53856938 0.53856938 0.53856938 0.53856938 0.53856938];2.493141203752653;7;0.5385693838554461;0;0
['putting', 'everyday', 'hungry', 'pedophile', 'ghislainemaxwelllist'];[0.53856938 0.53856938 0.53856938 0.53856938 0.53856938];2.5372166692005016;10;0.5385693838554461;0;0
['elvis', 'presley', 'signing', 'autograph', 'fan'];[0.53856938 0.53856938 0.53856938 0.53856938 0.53856938];2.69284691927723;5;0.5385693838554461;0;0
['aerodactyl', 'charmeleon', 'evolved', 'kicked', 'as'];[0.53856938 0.53856938 0.53856938 0.53856938 0.53856938];2.372167301286876;16;0.5385693838554461;0;0
['desert', 'action', 'developed', 'developed', 'desert'];[1.07713877 0.47836338 1.07713877 2.90056981 2.90056981];3.5158680395285513;25;1.686756108934626;0;0
['coronavirus', 'tighter', 'coronavirus', 'restriction', 'prevented'];[1.07713877 0.53856938 2.90056981 0.53856938 0.53856938];2.958936537365655;19;1.1186833463083157;0;0
['grinding', 'home', 'studio', 'coming', 'month'];[0.53856938 0.47836338 0.44314513 0.38293913 0.41815739];2.0533575154117996;7;0.45223488417163604;0;0
['arrested', 'people', 'arrested', 'people', 'tortured'];[1.07713877 0.83631477 2.90056981 1.74855599 0.53856938];3.209560826419229;21;1.4202297452487616;0;0
['bruno', 'mar', 'hot', 'locked', 'heaven'];[0.53856938 0.53856938 0.53856938 0.53856938 0.53856938];2.452669599652146;14;0.5385693838554461;0;0
['race', 'ever', 'hypercar', 'race', 'start'];[0.95672677 0.41815739 0.53856938 2.28831528 0.53856938];3.2609471060720026;7;0.9480676402358288;1;1
['unique', 'shop', 'replica', 'clothing'];[0.67321173 0.67321173 0.55393142 0.59795423 0.        ];2.4983091066813192;4;0.6245772766703298;0;0
['cuomo', 'resigns', 'reflect', 'accomplishment', 'covid'];[0.53856938 0.47836338 0.53856938 0.53856938 0.44314513];2.4466600434906196;6;0.5074433338401003;0;0
['ai', 'behavior', 'fish', 'person', 'worn'];[0.53856938 0.53856938 0.53856938 0.53856938 0.53856938];2.512228921878841;10;0.5385693838554461;0;0
['katie', 'piper', 'ego', 'phase', 'eight'];[0.53856938 0.53856938 0.53856938 0.53856938 0.53856938];2.5139264487573567;8;0.5385693838554461;0;0
['6', 'extraction', 'clicked', 'gamepass', 'glitch'];[0.53856938 0.53856938 0.53856938 0.53856938 0.53856938];2.4208309889366344;10;0.5385693838554461;0;0
['episode', 'history', 'history', 'film', 'episode'];[1.07713877 0.95672677 2.28831528 0.47836338 2.90056981];4.15629309984134;13;1.5402228025152576;0;0
['streaming', 'royalty', 'dispute', 'domino', 'matter'];[0.53856938 0.53856938 0.53856938 0.53856938 0.53856938];2.5638340639926667;7;0.5385693838554461;0;0
['voracova', 'held', 'hotel', 'novak', 'djokovic'];[0.53856938 0.53856938 0.53856938 0.53856938 0.53856938];2.6677610863052315;12;0.5385693838554461;1;1
['2021', 'remember', 'tiger'];[0.79727231 0.89761564 0.89761564 0.         0.        ];2.5925035873892366;3;0.8641678624630788;1;1
['many', 'athlete', 'journalist', 'among', 'follower'];[0.41815739 0.53856938 0.53856938 0.53856938 0.47836338];2.412640046381299;6;0.5024457843757684;1;1
['asia', 'posing', 'obstacle', 'vibrant', 'region'];[0.53856938 0.53856938 0.53856938 0.53856938 0.53856938];2.465629185101298;16;0.5385693838554461;0;0
['patnekar', 'respectively', 'likely', 'join', 'congress'];[0.53856938 0.53856938 0.53856938 0.53856938 0.53856938];2.63972397886594;17;0.5385693838554461;0;0
['early', 'work', 'aesthetic'];[0.73857522 0.69692898 0.89761564 0.         0.        ];2.3331198372613553;3;0.7777066124204517;1;1
['king', 'county', 'tulare', 'kern', 'county'];[0.53856938 1.07713877 0.53856938 0.53856938 2.90056981];3.0627226267776773;18;1.1186833463083157;0;0
['trend', 'assume', 'trend', 'must', 'right'];[0.88629027 0.53856938 1.96377609 0.53856938 0.53856938];2.667933028935243;19;0.893154901124199;0;0
['sport', 'sport', 'challenge', 'facing', 'sport'];[1.19632615 2.38532709 0.53856938 0.53856938 4.75604862];3.3461531629620183;21;1.8829681258974547;1;1
['letting', 'pet', 'gun', 'killing', 'finisher'];[0.53856938 0.53856938 0.53856938 0.53856938 0.53856938];2.506554371761759;11;0.5385693838554461;0;0
['call', 'listen', 'watch', 'gizfit', '910'];[0.53856938 0.53856938 0.53856938 0.47836338 0.47836338];2.2943792707361346;12;0.5144869842023275;0;0
['trying', 'figure', 'play', 'dang', 'thing'];[0.44314513 0.53856938 0.38293913 0.53856938 0.44314513];2.3463681673126366;5;0.4692736334625273;0;0
['powerspace', 'tour', '2007', 'remembering', 'funny'];[0.53856938 0.53856938 0.53856938 0.53856938 0.53856938];2.319725825654365;16;0.5385693838554461;0;0
['book', 'book', 'super', 'lineup', 'speaker'];[1.07713877 2.90056981 0.53856938 0.53856938 0.53856938];3.1117598621107447;17;1.1186833463083157;0;0
['record', 'something', 'new'];[0.79727231 0.73857522 0.56428231 0.         0.        ];2.1001298358160154;3;0.7000432786053384;0;0
['saying', 'easy', 'however', 'result', 'worth'];[0.53856938 0.53856938 0.53856938 0.53856938 0.53856938];2.4720590785303544;22;0.5385693838554461;0;0
['wednesday', 'wylin', 'yall'];[0.89761564 0.89761564 0.89761564 0.         0.        ];2.6928469192772297;3;0.8976156397590767;0;0
['case', 'anyone', 'zara', 'boot', 'hit'];[0.44314513 0.47836338 0.53856938 0.47836338 0.47836338];2.2661425446274106;8;0.48336093418698184;0;0
['distant', 'past', 'used', 'fortune', 'teller'];[0.53856938 0.53856938 0.53856938 0.53856938 0.53856938];2.6019378283681394;11;0.5385693838554461;0;0
['mirror', 'williams', 'brother', '2006', 'sealed'];[0.53856938 0.53856938 0.53856938 0.53856938 0.53856938];2.468960563505372;12;0.5385693838554461;0;0
['life', 'song', 'love', 'music'];[0.52269673 0.44743923 0.44743923 0.38667972 0.        ];1.8042549190297081;4;0.45106372975742703;0;0
['government', 'committed', 'boosting', 'agriculture', 'job'];[0.53856938 0.53856938 0.53856938 0.53856938 0.47836338];2.592503587389236;6;0.5265281840288868;0;0
['compensate', 'indigenous', 'child', 'taken', 'family'];[0.53856938 0.53856938 0.53856938 0.53856938 0.53856938];2.69284691927723;8;0.5385693838554461;0;0
['like', 'outfit'];[0.99693846 1.10786283 0.         0.         0.        ];2.1048012897493895;2;1.0524006448746948;0;0
['rally', 'hungary', 'tell', 'gop', 'terrifying'];[0.53856938 0.53856938 0.53856938 0.53856938 0.53856938];2.552616080941323;23;0.5385693838554461;0;0
['sarah', 'claim', 'title', 'immense', 'respect'];[0.53856938 0.53856938 0.53856938 0.53856938 0.53856938];2.632640920144434;10;0.5385693838554461;1;1
['lawson', 'cuphead', 'getting', 'better', 'trophy'];[0.53856938 0.53856938 0.53856938 0.47836338 0.53856938];2.285229925940468;11;0.5265281840288868;0;0
['minecraft', 'minecraft', 'four', 'render', 'graph'];[0.95672677 2.28831528 0.53856938 0.53856938 0.53856938];2.9214473977775968;21;0.9721500398889473;0;0
['harley', 'learning', 'stuff', 'smart', 'boring'];[0.53856938 0.53856938 0.53856938 0.47836338 0.47836338];2.270912913757632;9;0.5144869842023275;0;0
['check', 'pride', 'dragon', 'east', 'lit'];[0.47836338 0.53856938 0.53856938 0.53856938 0.53856938];2.452669599652146;7;0.5265281840288868;0;0
['moonward', 'aiming', 'scarf', 'lil', 'cute'];[0.53856938 0.53856938 0.53856938 0.53856938 0.53856938];2.5816824549367094;7;0.5385693838554461;0;0
['everything', 'know', 'africa', 'cup', 'nation'];[0.53856938 0.41815739 0.47836338 0.53856938 0.47836338];2.362468380437302;6;0.49040458454920904;1;1
['casino', 'chip', 'acrylic', 'display', 'casino'];[1.07713877 0.53856938 0.53856938 0.53856938 2.90056981];3.138566349851117;15;1.1186833463083157;0;1
['ust', 'vibing', 'nier', 'automaton', 'track'];[0.53856938 0.53856938 0.53856938 0.53856938 0.47836338];2.592503587389236;6;0.5265281840288868;0;0
['princess', 'ballgown', 'meet', 'cherie', 'early'];[0.53856938 0.53856938 0.53856938 0.53856938 0.44314513];2.295347830406427;9;0.5194845336666596;0;0
['may', 'may', 'listened', 'ost', 'sketching'];[1.07713877 2.90056981 0.53856938 0.53856938 0.53856938];3.4235718262517443;11;1.1186833463083157;0;0
['power', 'nothing', 'else', 'peace', 'really'];[0.53856938 0.53856938 0.53856938 0.53856938 0.47836338];2.307965339884191;13;0.5265281840288868;0;0
['token', 'token', 'minor', 'issue', 'found'];[0.95672677 2.28831528 0.53856938 0.53856938 0.53856938];2.748630074283907;26;0.9721500398889473;0;0
['able', 'bring', 'highest', 'shortest', 'possible'];[0.53856938 0.53856938 0.53856938 0.53856938 0.53856938];2.5400068067885404;11;0.5385693838554461;0;0
['already', 'race', 'going', 'available', 'race'];[0.53856938 0.95672677 0.44314513 0.44314513 2.28831528];3.235791211921191;7;0.9339803395113743;0;0
['2', '2', 'work', 'work', 'x'];[0.83631477 1.74855599 0.83631477 1.74855599 0.53856938];2.8272948786049694;24;1.141662181736338;0;0
['singer', 'singer', 'irish', 'tradition', 'keening'];[1.07713877 2.90056981 0.53856938 0.53856938 0.53856938];2.9430500822344507;23;1.1186833463083157;0;0
['one', 'one', 'one', 'one', 'leading'];[ 1.59510153  3.18043612  6.34139816 12.6439674   0.53856938];5.418462581760919;22;4.859894520723892;0;0
['love', 'outfit'];[0.95734783 1.10786283 0.         0.         0.        ];2.065210666725577;2;1.0326053333627885;0;0
['yet', 'grown', 'much', 'thank', 'youuu'];[0.53856938 0.53856938 0.53856938 0.53856938 0.53856938];2.617589420361235;8;0.5385693838554461;0;0
['december', 'early', 'december', 'fall', 'december'];[ 1.61570815  0.44314513  4.35085472  0.53856938 11.71618572];5.0222818607950845;26;3.7328926222773386;0;0
['1975', 'kmart', 'football', 'sleepshirts'];[0.59795423 0.67321173 0.67321173 0.67321173 0.        ];2.617589420361235;4;0.6543973550903087;0;0
['fine', 'meanwhile', 'choking', 'see', 'give'];[0.53856938 0.53856938 0.53856938 0.53856938 0.53856938];2.4368335076930796;16;0.5385693838554461;0;0
['latest', 'day', 'night', 'office', 'wear'];[0.44314513 0.44314513 0.41815739 0.53856938 0.47836338];2.2829481713173583;6;0.4642760839981953;0;0
['house', 'coming', 'way', 'hope', 'ready'];[0.53856938 0.39877538 0.47836338 0.44314513 0.53856938];2.224780947252481;7;0.47948453366665955;0;0
['parrikar', 'party', 'party', 'parrikar', 'rafael'];[1.07713877 0.88629027 1.96377609 2.90056981 0.53856938];3.7118571301636503;12;1.4732688635770685;0;0
['anyone', 'believe', 'mobile', 'ad', 'point'];[0.47836338 0.44314513 0.53856938 0.47836338 0.47836338];2.2733449560659595;7;0.48336093418698184;0;0
['season', 'season', 'fashion', 'ease', 'ease'];[0.95672677 2.28831528 0.35795139 1.07713877 2.90056981];3.234265607356266;24;1.516140402862139;0;0
['kpi', 'ft'];[1.34642346 1.34642346 0.         0.         0.        ];2.69284691927723;2;1.346423459638615;1;1
['mother', '60', 's', '70', 's'];[0.53856938 0.53856938 0.95672677 0.53856938 2.28831528];2.91565897721524;14;0.9721500398889473;0;0
['mwizi', 'mwizi', 'kenyan', 'dealer', 'governor'];[1.07713877 2.90056981 0.53856938 0.53856938 0.53856938];3.3522665226198423;12;1.1186833463083157;0;0
['recording', 'funky', 'stomp', 'today'];[0.59795423 0.67321173 0.67321173 0.52269673 0.        ];2.4670744225292442;4;0.6167686056323111;0;0
['need', 'update', 'wardrobe', 'replica', 'bag'];[0.44314513 0.47836338 0.47836338 0.44314513 0.47836338];2.2829481713173583;6;0.4642760839981953;0;0
['waiting', 'bus', 'wanted', 'multiplication', 'square'];[0.53856938 0.53856938 0.47836338 0.53856938 0.53856938];2.5631550442132895;6;0.5265281840288868;0;0
['resolution', 'improve', 'content', 'push', 'medium'];[0.47836338 0.53856938 0.53856938 0.53856938 0.53856938];2.4388253120795667;7;0.5265281840288868;0;0
['today', 'today', 'important', 'mental', 'health'];[0.83631477 1.74855599 0.53856938 0.53856938 0.53856938];2.587858025574653;27;0.8401157827958919;1;1
